Date,y_true_vol,pred_hist,pred_ewma,pred_rf
2024-01-21 00:00:00+00:00,0.028971286020867737,0.031234713063426105,0.026905341557849405,0.031156366823800453
2024-01-22 00:00:00+00:00,0.02866666601428527,0.028971286020867737,0.026095230000950268,0.028398575488547566
2024-01-23 00:00:00+00:00,0.028570392043238694,0.02866666601428527,0.028141829266387256,0.027725388730761247
2024-01-24 00:00:00+00:00,0.028547572759738658,0.028570392043238694,0.027364281288027363,0.028284851343514748
2024-01-25 00:00:00+00:00,0.02286042328533028,0.028547572759738658,0.02656858442960242,0.02843298228026245
2024-01-26 00:00:00+00:00,0.022941711529108552,0.02286042328533028,0.025774130037365395,0.023367708588111803
2024-01-27 00:00:00+00:00,0.02197632189195139,0.022941711529108552,0.027419527265910376,0.022986125249531034
2024-01-28 00:00:00+00:00,0.022890140427345163,0.02197632189195139,0.026643046287519134,0.022246916345455843
2024-01-29 00:00:00+00:00,0.022631622982156735,0.022890140427345163,0.025836070621663647,0.0234496472199915
2024-01-30 00:00:00+00:00,0.022604297795984277,0.022631622982156735,0.02606124568869463,0.022678905683341393
2024-01-31 00:00:00+00:00,0.02077621358713384,0.022604297795984277,0.025339147898265444,0.023118427891278312
2024-02-01 00:00:00+00:00,0.02065997567913368,0.02077621358713384,0.024658447503612225,0.020202813636452745
2024-02-02 00:00:00+00:00,0.020692631427161202,0.02065997567913368,0.02407306073684919,0.019724295417432293
2024-02-03 00:00:00+00:00,0.020835275785352804,0.020692631427161202,0.02334807047719088,0.019918117642392878
2024-02-04 00:00:00+00:00,0.01592311705835092,0.020835275785352804,0.02266353473474496,0.02004062679140198
2024-02-05 00:00:00+00:00,0.015981524597640163,0.01592311705835092,0.02209730873195175,0.01616125076205393
2024-02-06 00:00:00+00:00,0.017604823277428107,0.015981524597640163,0.021428481206597537,0.015890965217425796
2024-02-07 00:00:00+00:00,0.018531450171314183,0.017604823277428107,0.020917777697087796,0.01710454855156157
2024-02-08 00:00:00+00:00,0.017483458379187754,0.018531450171314183,0.02142688979444098,0.018969121708844006
2024-02-09 00:00:00+00:00,0.017728371312218022,0.017483458379187754,0.021458370375307005,0.01861091120722077
2024-02-10 00:00:00+00:00,0.017957291746347113,0.017728371312218022,0.02298940205141692,0.01753797741387505
2024-02-11 00:00:00+00:00,0.018516761249566888,0.017957291746347113,0.022520593644306683,0.01766893372228366
2024-02-12 00:00:00+00:00,0.01843586616619949,0.018516761249566888,0.021996598907711343,0.019975646324589445
2024-02-13 00:00:00+00:00,0.02132793395532797,0.01843586616619949,0.02288441865430981,0.019488974912947158
2024-02-14 00:00:00+00:00,0.021112600185505828,0.02132793395532797,0.022212586993775926,0.021041120418406837
2024-02-15 00:00:00+00:00,0.0211322469310416,0.021112600185505828,0.023767324426059878,0.020002872690507056
2024-02-16 00:00:00+00:00,0.02125282408319505,0.0211322469310416,0.02304932689524491,0.020049884646788384
2024-02-17 00:00:00+00:00,0.021231307738875663,0.02125282408319505,0.022371482673849086,0.02044601734147934
2024-02-18 00:00:00+00:00,0.021299477941716754,0.021231307738875663,0.021816474553464974,0.02018865588853976
2024-02-19 00:00:00+00:00,0.021292320422433817,0.021299477941716754,0.021262798415377832,0.02036247158403339
2024-02-20 00:00:00+00:00,0.020041944128646,0.021292320422433817,0.020678536133024058,0.02032550495416947
2024-02-21 00:00:00+00:00,0.01936344192237013,0.020041944128646,0.02018945455483808,0.018662229315689262
2024-02-22 00:00:00+00:00,0.016433219219974562,0.01936344192237013,0.019686405858375715,0.019006033967507285
2024-02-23 00:00:00+00:00,0.016641024538966605,0.016433219219974562,0.019254590922820603,0.016462841862672273
2024-02-24 00:00:00+00:00,0.016406417758431463,0.016641024538966605,0.018869661456717972,0.017129302714366943
2024-02-25 00:00:00+00:00,0.019599303640931966,0.016406417758431463,0.018730960655120237,0.016042589716681405
2024-02-26 00:00:00+00:00,0.023098016528064817,0.019599303640931966,0.018176610193998216,0.021108531269995512
2024-02-27 00:00:00+00:00,0.03163412428928778,0.023098016528064817,0.02181768315205157,0.02315849387859403
2024-02-28 00:00:00+00:00,0.03212871155004103,0.03163412428928778,0.023959523766237455,0.034228802368074907
2024-02-29 00:00:00+00:00,0.03255462549832691,0.03212871155004103,0.0321427040357488,0.03316776788494037
2024-03-01 00:00:00+00:00,0.03250173572278623,0.03255462549832691,0.031590087059768956,0.03227368162379805
2024-03-02 00:00:00+00:00,0.03277725993509159,0.03250173572278623,0.031020755134818053,0.03209572503378099
2024-03-03 00:00:00+00:00,0.03888625785085087,0.03277725993509159,0.030119164125118635,0.03203836889088611
2024-03-04 00:00:00+00:00,0.042911144002986186,0.03888625785085087,0.02953892255666984,0.039746806770138025
2024-03-05 00:00:00+00:00,0.04388789903900192,0.042911144002986186,0.03450452493316234,0.041902897771132416
2024-03-06 00:00:00+00:00,0.04392384509626695,0.04388789903900192,0.037434556623881864,0.043688118443644605
2024-03-07 00:00:00+00:00,0.04415675578234815,0.04392384509626695,0.03732129406636031,0.04203971987112438
2024-03-08 00:00:00+00:00,0.04394539646021922,0.04415675578234815,0.03630971867266539,0.043247138718008005
2024-03-09 00:00:00+00:00,0.04398401488037265,0.04394539646021922,0.035554094913767965,0.03953833186071488
2024-03-10 00:00:00+00:00,0.043311337531940254,0.04398401488037265,0.03447832418814836,0.039615519382113995
2024-03-11 00:00:00+00:00,0.0416037180756598,0.043311337531940254,0.03347944349234655,0.042341907423238866
2024-03-12 00:00:00+00:00,0.03432814989280549,0.0416037180756598,0.034201463252770695,0.043141086001635416
2024-03-13 00:00:00+00:00,0.03443118117804568,0.03432814989280549,0.03323193730839299,0.031412617940077416
2024-03-14 00:00:00+00:00,0.03484112380613522,0.03443118117804568,0.03267387706980718,0.03485257362624658
2024-03-15 00:00:00+00:00,0.038394316584157644,0.03484112380613522,0.03219079923792528,0.035267362217395556
2024-03-16 00:00:00+00:00,0.04002198227833738,0.038394316584157644,0.03197118093528298,0.04101049714798866
2024-03-17 00:00:00+00:00,0.034231685238279186,0.04002198227833738,0.034380598526058646,0.04012091791812614
2024-03-18 00:00:00+00:00,0.037121145653581614,0.034231685238279186,0.03518709421332804,0.032551461002661305
2024-03-19 00:00:00+00:00,0.04358058346524579,0.037121145653581614,0.03424984978642161,0.04034492887747195
2024-03-20 00:00:00+00:00,0.04452711642302053,0.04358058346524579,0.03947240038944679,0.04383873296322552
2024-03-21 00:00:00+00:00,0.044758161890186395,0.04452711642302053,0.04447562978018606,0.04455569264537493
2024-03-22 00:00:00+00:00,0.04476711096458713,0.044758161890186395,0.04402884862819657,0.04561379772233459
2024-03-23 00:00:00+00:00,0.04654907850496929,0.04476711096458713,0.04317820285181231,0.04420975001679603
2024-03-24 00:00:00+00:00,0.04627417592531388,0.04654907850496929,0.041876909441967015,0.04676995200678863
2024-03-25 00:00:00+00:00,0.046212446901953676,0.04627417592531388,0.04229167161118571,0.04673889971229489
2024-03-26 00:00:00+00:00,0.04587656001656374,0.046212446901953676,0.04214208256500133,0.045737583978593434
2024-03-27 00:00:00+00:00,0.04571522235586302,0.04587656001656374,0.04085839128036971,0.04435814006839786
2024-03-28 00:00:00+00:00,0.04520097690815266,0.04571522235586302,0.039657830037965275,0.04459247825348461
2024-03-29 00:00:00+00:00,0.042198291108505634,0.04520097690815266,0.03871286957083713,0.043700261267559465
2024-03-30 00:00:00+00:00,0.040871186115860436,0.042198291108505634,0.03765071153908515,0.040152141402749114
2024-03-31 00:00:00+00:00,0.04120350168956585,0.040871186115860436,0.036514061804395266,0.038127474581042486
2024-04-01 00:00:00+00:00,0.03793418345269678,0.04120350168956585,0.035884599388441595,0.04169017673642812
2024-04-02 00:00:00+00:00,0.0288515524669561,0.03793418345269678,0.03524998521260225,0.04120835210947039
2024-04-03 00:00:00+00:00,0.028968452663966655,0.0288515524669561,0.03749772008906046,0.027576231721187672
2024-04-04 00:00:00+00:00,0.02821241653613847,0.028968452663966655,0.036409806140658016,0.027420380484490935
2024-04-05 00:00:00+00:00,0.028489610929017868,0.02821241653613847,0.036482242431651685,0.028098752594718963
2024-04-06 00:00:00+00:00,0.025457571500394943,0.028489610929017868,0.03545296825773873,0.026939706459332077
2024-04-07 00:00:00+00:00,0.02468527205374709,0.025457571500394943,0.03458150723149704,0.026329877086877087
2024-04-08 00:00:00+00:00,0.026437310796680154,0.02468527205374709,0.03356872790353287,0.02438209163415531
2024-04-09 00:00:00+00:00,0.026934878718482786,0.026437310796680154,0.03348736245372993,0.025859251270552077
2024-04-10 00:00:00+00:00,0.026558006356346933,0.026934878718482786,0.03360606056065291,0.026970158934429018
2024-04-11 00:00:00+00:00,0.02862405904031419,0.026558006356346933,0.032975936449409424,0.026635411568848306
2024-04-12 00:00:00+00:00,0.03174974646413552,0.02862405904031419,0.032024063548487414,0.027997286460763344
2024-04-13 00:00:00+00:00,0.03208802786626817,0.03174974646413552,0.03268924591103113,0.03433081340859195
2024-04-14 00:00:00+00:00,0.03290906112229206,0.03208802786626817,0.03411367594699009,0.033753827817510684
2024-04-15 00:00:00+00:00,0.02832336377848067,0.03290906112229206,0.03385974882541698,0.03343046301365522
2024-04-16 00:00:00+00:00,0.030247129584473578,0.02832336377848067,0.03397998375297778,0.028453062896002794
2024-04-17 00:00:00+00:00,0.03009432927479781,0.030247129584473578,0.03297826178913406,0.030267818844426638
2024-04-18 00:00:00+00:00,0.03001120532949595,0.03009432927479781,0.03348013267629658,0.02993053253210532
2024-04-19 00:00:00+00:00,0.030105642473928832,0.03001120532949595,0.033626472205549846,0.029916124035608862
2024-04-20 00:00:00+00:00,0.030052878398971142,0.030105642473928832,0.03262690033577585,0.030091902358117265
2024-04-21 00:00:00+00:00,0.029820951457495564,0.030052878398971142,0.03193423102084911,0.02912058593634737
2024-04-22 00:00:00+00:00,0.028331772053712068,0.029820951457495564,0.03096244108804925,0.029617307064051492
2024-04-23 00:00:00+00:00,0.02911884831628495,0.028331772053712068,0.03084871757005552,0.028335889461879954
2024-04-24 00:00:00+00:00,0.029062256326890912,0.02911884831628495,0.029950775918041763,0.02894241454982553
2024-04-25 00:00:00+00:00,0.027005256973572984,0.029062256326890912,0.030116711183891913,0.02912092487414614
2024-04-26 00:00:00+00:00,0.023273842697194704,0.027005256973572984,0.029209631092554512,0.026187195572250608
2024-04-27 00:00:00+00:00,0.021926359479402267,0.023273842697194704,0.028455422718140947,0.023465903736035833
2024-04-28 00:00:00+00:00,0.01996385997809614,0.021926359479402267,0.027618933852662477,0.02206584897722027
2024-04-29 00:00:00+00:00,0.024193756395137933,0.01996385997809614,0.026803730751060555,0.019436403150374
2024-04-30 00:00:00+00:00,0.024140176750926827,0.024193756395137933,0.02613853926256403,0.024549790465929342
2024-05-01 00:00:00+00:00,0.022509281144832635,0.024140176750926827,0.028307801991359877,0.024749755664870053
2024-05-02 00:00:00+00:00,0.027877681018949135,0.022509281144832635,0.029149337423758956,0.02248918239110886
2024-05-03 00:00:00+00:00,0.027788492594306914,0.027877681018949135,0.028493346826155643,0.029212759397133924
2024-05-04 00:00:00+00:00,0.027793219853920904,0.027788492594306914,0.03149596352847366,0.02776973180814905
2024-05-05 00:00:00+00:00,0.02693877111855087,0.027793219853920904,0.030780788238408026,0.02843055316001269
2024-05-06 00:00:00+00:00,0.027113241335432792,0.02693877111855087,0.029847873832311727,0.026246174246546367
2024-05-07 00:00:00+00:00,0.02614992964227142,0.027113241335432792,0.029131591948426228,0.027488276159078937
2024-05-08 00:00:00+00:00,0.027336503531132542,0.02614992964227142,0.02842809292097145,0.025991778588264118
2024-05-09 00:00:00+00:00,0.028862618276239628,0.027336503531132542,0.02793488397097635,0.027475221931387562
2024-05-10 00:00:00+00:00,0.028828010942046373,0.028862618276239628,0.028061621829729974,0.02815934536028381
2024-05-11 00:00:00+00:00,0.028940964835035863,0.028828010942046373,0.028634799249349994,0.02631009882842436
2024-05-12 00:00:00+00:00,0.029448314032127214,0.028940964835035863,0.02776246816329073,0.026463162104851938
2024-05-13 00:00:00+00:00,0.02667116131155782,0.029448314032127214,0.027044285153216517,0.029663838880678653
2024-05-14 00:00:00+00:00,0.03139470410316437,0.02667116131155782,0.026838095360308817,0.026614966058305146
2024-05-15 00:00:00+00:00,0.031427423044581786,0.03139470410316437,0.026556584807838932,0.03355660231682337
2024-05-16 00:00:00+00:00,0.027737435693838287,0.031427423044581786,0.03146047562814068,0.031150242355945414
2024-05-17 00:00:00+00:00,0.027417643886660917,0.027737435693838287,0.030745250142553707,0.02854013764762957
2024-05-18 00:00:00+00:00,0.027539995884638936,0.027417643886660917,0.030561488322469226,0.02705689778510024
2024-05-19 00:00:00+00:00,0.0338830947964895,0.027539995884638936,0.02963324490701514,0.027861035014214983
2024-05-20 00:00:00+00:00,0.034061344713482815,0.0338830947964895,0.028833588458738218,0.03365939058973828
2024-05-21 00:00:00+00:00,0.03392194087229129,0.034061344713482815,0.033466039305511605,0.03314572494030899
2024-05-22 00:00:00+00:00,0.03328891234521129,0.03392194087229129,0.03276242287165705,0.03197330133711178
2024-05-23 00:00:00+00:00,0.031916741519913375,0.03328891234521129,0.031964099306691675,0.03264715915984825
2024-05-24 00:00:00+00:00,0.0320455211909294,0.031916741519913375,0.03128227616687203,0.03153558042075609
2024-05-25 00:00:00+00:00,0.03204898600686952,0.0320455211909294,0.030404814931694946,0.03193927710296078
2024-05-26 00:00:00+00:00,0.0316174187624559,0.03204898600686952,0.029595687723119758,0.03171264698308499
2024-05-27 00:00:00+00:00,0.03137335371301879,0.0316174187624559,0.02881702605580519,0.03145067556014577
2024-05-28 00:00:00+00:00,0.024559961966704687,0.03137335371301879,0.028112083072181125,0.031059014456262028
2024-05-29 00:00:00+00:00,0.02439330785193344,0.024559961966704687,0.02753440878210852,0.024653157788078223
2024-05-30 00:00:00+00:00,0.02351041469125176,0.02439330785193344,0.02682087269424453,0.024765780113766237
2024-05-31 00:00:00+00:00,0.023521678278134835,0.02351041469125176,0.026157967981267523,0.024286774840815123
2024-06-01 00:00:00+00:00,0.023371685497552933,0.023521678278134835,0.025555986933526006,0.023607487902246836
2024-06-02 00:00:00+00:00,0.012660002404841438,0.023371685497552933,0.024789753114069557,0.024048520657229802
2024-06-03 00:00:00+00:00,0.013471244789536582,0.012660002404841438,0.024035100173313943,0.012455375008371057
2024-06-04 00:00:00+00:00,0.013042136939853772,0.013471244789536582,0.023607222880856083,0.014724654977919043
2024-06-05 00:00:00+00:00,0.012245869722523414,0.013042136939853772,0.023712211999126608,0.013211636790838444
2024-06-06 00:00:00+00:00,0.013176905491754355,0.012245869722523414,0.0230587503356933,0.012449492131272149
2024-06-07 00:00:00+00:00,0.012861334452731719,0.013176905491754355,0.02238456469082009,0.01344563218129668
2024-06-08 00:00:00+00:00,0.012598794365278316,0.012861334452731719,0.022259241230999975,0.01227798583053754
2024-06-09 00:00:00+00:00,0.012143372035756965,0.012598794365278316,0.021581527051635418,0.012535300133170987
2024-06-10 00:00:00+00:00,0.014206287036359408,0.012143372035756965,0.02095882387820031,0.011594625892520959
2024-06-11 00:00:00+00:00,0.014376598592490651,0.014206287036359408,0.02032594918826884,0.014913154997736787
2024-06-12 00:00:00+00:00,0.015221000296403785,0.014376598592490651,0.02119639905335916,0.015267410010387101
2024-06-13 00:00:00+00:00,0.015128413812647373,0.015221000296403785,0.02081161633300658,0.015690870314021832
2024-06-14 00:00:00+00:00,0.015121902877827184,0.015128413812647373,0.02088470977404006,0.015334309681185735
2024-06-15 00:00:00+00:00,0.015227989974970504,0.015121902877827184,0.02043438324311774,0.013646326875576344
2024-06-16 00:00:00+00:00,0.014671503834783552,0.015227989974970504,0.01982308331788869,0.014710051565390387
2024-06-17 00:00:00+00:00,0.014126792254371202,0.014671503834783552,0.019290101649621527,0.015161784427478531
2024-06-18 00:00:00+00:00,0.014012080214517416,0.014126792254371202,0.01871045604201256,0.012862580755597852
2024-06-19 00:00:00+00:00,0.013968758464335894,0.014012080214517416,0.018823004450411514,0.012217580723043237
2024-06-20 00:00:00+00:00,0.013237007064018315,0.013968758464335894,0.01826222514117941,0.012527340090908584
2024-06-21 00:00:00+00:00,0.013252258320339699,0.013237007064018315,0.01771285499794952,0.012198944688432382
2024-06-22 00:00:00+00:00,0.013932007546518195,0.013252258320339699,0.017397331011259197,0.01208221089393425
2024-06-23 00:00:00+00:00,0.018759083826474846,0.013932007546518195,0.016877895991259516,0.012565670315740414
2024-06-24 00:00:00+00:00,0.018002311271618148,0.018759083826474846,0.016874514039619475,0.021308955929013204
2024-06-25 00:00:00+00:00,0.01816554935809908,0.018002311271618148,0.02001116012709667,0.019506736992337747
2024-06-26 00:00:00+00:00,0.017533602903389085,0.01816554935809908,0.020346564830394473,0.018249480342208853
2024-06-27 00:00:00+00:00,0.01816990003704447,0.017533602903389085,0.020122036593989933,0.016766081309324395
2024-06-28 00:00:00+00:00,0.018326862148912455,0.01816990003704447,0.019765812541635622,0.019585069723549623
2024-06-29 00:00:00+00:00,0.019815399991659245,0.018326862148912455,0.01984672360254853,0.01747314451644716
2024-06-30 00:00:00+00:00,0.0198202008574156,0.019815399991659245,0.019378219158466162,0.01894803330214142
2024-07-01 00:00:00+00:00,0.0193704403329652,0.0198202008574156,0.020084997658807925,0.018586232925457098
2024-07-02 00:00:00+00:00,0.02098847384708989,0.0193704403329652,0.019484921544892366,0.018732305491061682
2024-07-03 00:00:00+00:00,0.025553839681632284,0.02098847384708989,0.019165214841228014,0.021331773224124446
2024-07-04 00:00:00+00:00,0.02541606652766738,0.025553839681632284,0.020014559108164656,0.02547257892280442
2024-07-05 00:00:00+00:00,0.026528920801990086,0.02541606652766738,0.02356437940561359,0.026348604235687526
2024-07-06 00:00:00+00:00,0.028560465691548482,0.026528920801990086,0.02288691912545268,0.02582011894909547
2024-07-07 00:00:00+00:00,0.025964433771001508,0.028560465691548482,0.023265784456532296,0.02774317594541208
2024-07-08 00:00:00+00:00,0.02581402045118986,0.025964433771001508,0.024895913076368112,0.025346790799227668
2024-07-09 00:00:00+00:00,0.02547798399429406,0.02581402045118986,0.02442334372850713,0.024978794117463243
2024-07-10 00:00:00+00:00,0.025308730192092076,0.02547798399429406,0.024325514098736917,0.025275719971828522
2024-07-11 00:00:00+00:00,0.02480777680864696,0.025308730192092076,0.023611463110609132,0.024892568908049188
2024-07-12 00:00:00+00:00,0.025419413449440206,0.02480777680864696,0.022954637431068917,0.02432377142129248
2024-07-13 00:00:00+00:00,0.025182090583871393,0.025419413449440206,0.022379850793031352,0.02512077209761864
2024-07-14 00:00:00+00:00,0.03058371474635564,0.025182090583871393,0.022402415227559293,0.0251608294512966
2024-07-15 00:00:00+00:00,0.03039451950679698,0.03058371474635564,0.02262943482509663,0.031147160583736844
2024-07-16 00:00:00+00:00,0.029569493390266478,0.03039451950679698,0.027108210561688727,0.029135001419395484
2024-07-17 00:00:00+00:00,0.0257282541668764,0.029569493390266478,0.026296309483394942,0.03017704428969184
2024-07-18 00:00:00+00:00,0.0280182218135486,0.0257282541668764,0.025763641172334158,0.0259433514145932
2024-07-19 00:00:00+00:00,0.027019770177722176,0.0280182218135486,0.024984908896050942,0.029321791302085523
2024-07-20 00:00:00+00:00,0.024764095544997512,0.027019770177722176,0.026306350594864025,0.02725544517678398
2024-07-21 00:00:00+00:00,0.024530797388826034,0.024764095544997512,0.025558885551493382,0.023775013962885713
2024-07-22 00:00:00+00:00,0.02467536198178175,0.024530797388826034,0.02503857931231861,0.024507532343977192
2024-07-23 00:00:00+00:00,0.024748156853629653,0.02467536198178175,0.024362592320611103,0.02506340539955672
2024-07-24 00:00:00+00:00,0.02473433555983944,0.024748156853629653,0.024390981205799075,0.02505441961786403
2024-07-25 00:00:00+00:00,0.02603920807932403,0.02473433555983944,0.023738603427357226,0.02454876062859221
2024-07-26 00:00:00+00:00,0.025322184344889635,0.02603920807932403,0.02306512063197047,0.02573843095719753
2024-07-27 00:00:00+00:00,0.02441755474740627,0.025322184344889635,0.02369155099619009,0.024904640993808395
2024-07-28 00:00:00+00:00,0.018075832659268248,0.02441755474740627,0.02297257494648842,0.023665925096881694
2024-07-29 00:00:00+00:00,0.018222215010769875,0.018075832659268248,0.02232965245854372,0.018911958112831223
2024-07-30 00:00:00+00:00,0.018906176563400646,0.018222215010769875,0.0222670510354178,0.01934985666879855
2024-07-31 00:00:00+00:00,0.019138870259253645,0.018906176563400646,0.0217086995485062,0.02030493251247177
2024-08-01 00:00:00+00:00,0.022748971640904905,0.019138870259253645,0.021865084839791528,0.021231496959659417
2024-08-02 00:00:00+00:00,0.022903944287925648,0.022748971640904905,0.02138082751364407,0.023884550505810412
2024-08-03 00:00:00+00:00,0.025343899125620538,0.022903944287925648,0.025728754467675467,0.023569151190888128
2024-08-04 00:00:00+00:00,0.032008592398693345,0.025343899125620538,0.02511867099771953,0.02607491343774288
2024-08-05 00:00:00+00:00,0.03284852883729637,0.032008592398693345,0.02654895375390826,0.03577094196483085
2024-08-06 00:00:00+00:00,0.033126942568521174,0.03284852883729637,0.03143018117485813,0.03344248516128469
2024-08-07 00:00:00+00:00,0.045088921979376806,0.033126942568521174,0.031801585607637024,0.03337711627791805
2024-08-08 00:00:00+00:00,0.04442117025081184,0.045088921979376806,0.03115102636347844,0.043028773556876704
2024-08-09 00:00:00+00:00,0.0444204039471593,0.04442117025081184,0.041235554356010395,0.04174175922213661
2024-08-10 00:00:00+00:00,0.04548700850660841,0.0444204039471593,0.04011672016612776,0.03928799653528
2024-08-11 00:00:00+00:00,0.04522212838731553,0.04548700850660841,0.03889550053893455,0.04384891585077138
2024-08-12 00:00:00+00:00,0.04549868084348046,0.04522212838731553,0.038796639632249996,0.04354379744497657
2024-08-13 00:00:00+00:00,0.04581139747214679,0.04549868084348046,0.037706905973547,0.0446112794833338
2024-08-14 00:00:00+00:00,0.04602979335719126,0.04581139747214679,0.036915745870745253,0.04472501358286397
2024-08-15 00:00:00+00:00,0.04335597099403011,0.04602979335719126,0.036607128046440736,0.04484453643082351
2024-08-16 00:00:00+00:00,0.043316991571447805,0.04335597099403011,0.03583668763501936,0.0423605188098103
2024-08-17 00:00:00+00:00,0.04199580481620334,0.043316991571447805,0.03519528530140812,0.039282409520619566
2024-08-18 00:00:00+00:00,0.03738054771304429,0.04199580481620334,0.034208839026091974,0.03900073435649209
2024-08-19 00:00:00+00:00,0.03610383261232194,0.03738054771304429,0.03342313993899253,0.03719669650769255
2024-08-20 00:00:00+00:00,0.037047407887546784,0.03610383261232194,0.032674953029826266,0.03394088447769495
2024-08-21 00:00:00+00:00,0.021126673987084992,0.037047407887546784,0.03174179734709041,0.03704029043673561
2024-08-22 00:00:00+00:00,0.026220828087021017,0.021126673987084992,0.03201242186476766,0.021149247337405655
2024-08-23 00:00:00+00:00,0.026221615481588655,0.026220828087021017,0.031201424735856048,0.02598574592403743
2024-08-24 00:00:00+00:00,0.024270735954429662,0.026221615481588655,0.0335964866907203,0.02576828081657175
2024-08-25 00:00:00+00:00,0.02486109504141379,0.024270735954429662,0.03257460618970263,0.024162960437845632
2024-08-26 00:00:00+00:00,0.02836176255713914,0.02486109504141379,0.03158774726182174,0.025323966716519108
2024-08-27 00:00:00+00:00,0.0271786435329818,0.02836176255713914,0.03113238590000838,0.028028384167412785
2024-08-28 00:00:00+00:00,0.026684306225121832,0.0271786435329818,0.033073360116532786,0.027637682179107316
2024-08-29 00:00:00+00:00,0.02600049651083977,0.026684306225121832,0.03212623574829078,0.026447090895034754
2024-08-30 00:00:00+00:00,0.02587487518559413,0.02600049651083977,0.031183238400443538,0.026262972760294316
2024-08-31 00:00:00+00:00,0.02657654978588124,0.02587487518559413,0.03025367009515013,0.025431912037206898
2024-09-01 00:00:00+00:00,0.027435370543096263,0.02657654978588124,0.029338584475317182,0.02662057598220027
2024-09-02 00:00:00+00:00,0.028416218737422522,0.027435370543096263,0.02927625150221123,0.02819742159202506
2024-09-03 00:00:00+00:00,0.026855955066480912,0.028416218737422522,0.029363418159460322,0.02815703836406797
2024-09-04 00:00:00+00:00,0.027946865170582993,0.026855955066480912,0.029333305724313617,0.02672557189184896
2024-09-05 00:00:00+00:00,0.025338578929397584,0.027946865170582993,0.028532110219092494,0.0280779308603442
2024-09-06 00:00:00+00:00,0.02535371236949543,0.025338578929397584,0.028734600295403465,0.026691949251760265
2024-09-07 00:00:00+00:00,0.02557828717262894,0.02535371236949543,0.029546523745518603,0.02721845170842243
2024-09-08 00:00:00+00:00,0.026931733172982374,0.02557828717262894,0.028659485899141024,0.027144168908863762
2024-09-09 00:00:00+00:00,0.02272291082725092,0.026931733172982374,0.027964964287789742,0.026595654810327433
2024-09-10 00:00:00+00:00,0.022665619324259423,0.02272291082725092,0.0287423390841462,0.022730003504029855
2024-09-11 00:00:00+00:00,0.022896454790941444,0.022665619324259423,0.02799607819226258,0.022801620166177452
2024-09-12 00:00:00+00:00,0.02537656164014807,0.022896454790941444,0.02717439891968188,0.023451244924938285
2024-09-13 00:00:00+00:00,0.025491394842688177,0.02537656164014807,0.02655561489123223,0.025653502492369522
2024-09-14 00:00:00+00:00,0.024622714039539216,0.025491394842688177,0.027653013946500646,0.025942008368202717
2024-09-15 00:00:00+00:00,0.023649777026882316,0.024622714039539216,0.026909098926612342,0.023750435991780332
2024-09-16 00:00:00+00:00,0.024309501080925396,0.023649777026882316,0.026307361821922712,0.024791829784899216
2024-09-17 00:00:00+00:00,0.02488448370253719,0.024309501080925396,0.02583870137302225,0.02447020137687296
2024-09-18 00:00:00+00:00,0.02404065483777277,0.02488448370253719,0.026535312409614365,0.024992614287541317
2024-09-19 00:00:00+00:00,0.021535741924903973,0.02404065483777277,0.02628498566179623,0.02459853885325177
2024-09-20 00:00:00+00:00,0.021531910984635243,0.021535741924903973,0.025984771103609177,0.021973495317838092
2024-09-21 00:00:00+00:00,0.021281749045581375,0.021531910984635243,0.02521225408596843,0.022377331466689885
2024-09-22 00:00:00+00:00,0.01861116786238308,0.021281749045581375,0.024456667596916448,0.02122946820274832
2024-09-23 00:00:00+00:00,0.018824210234952395,0.01861116786238308,0.023731819264152666,0.019948810090432086
2024-09-24 00:00:00+00:00,0.01938961801013754,0.018824210234952395,0.0230417265715834,0.019588739231235334
2024-09-25 00:00:00+00:00,0.020853278157678186,0.01938961801013754,0.022649300769815923,0.019871540048797584
2024-09-26 00:00:00+00:00,0.01788459531191956,0.020853278157678186,0.022406586850730277,0.020922921591836504
2024-09-27 00:00:00+00:00,0.017711973575664862,0.01788459531191956,0.023075290785886184,0.018438887008224554
2024-09-28 00:00:00+00:00,0.01735413990938254,0.017711973575664862,0.022488242581240468,0.01725570682303608
2024-09-29 00:00:00+00:00,0.019291962018069885,0.01735413990938254,0.02180614555082155,0.016817518625928517
2024-09-30 00:00:00+00:00,0.01990525378102354,0.019291962018069885,0.021162726191300378,0.02117962456003915
2024-10-01 00:00:00+00:00,0.019038727097330288,0.01990525378102354,0.022309787249182443,0.023061590625896425
2024-10-02 00:00:00+00:00,0.018224024159923805,0.019038727097330288,0.023761285168847134,0.020885671635295013
2024-10-03 00:00:00+00:00,0.019062455177745394,0.018224024159923805,0.02305213978189503,0.020054026080452345
2024-10-04 00:00:00+00:00,0.019043634399493234,0.019062455177745394,0.02235571928417545,0.019947343809682366
2024-10-05 00:00:00+00:00,0.019267884593055885,0.019043634399493234,0.02229380224339278,0.01863069377631513
2024-10-06 00:00:00+00:00,0.019381531709303446,0.019267884593055885,0.02161482510028106,0.019163730053969583
2024-10-07 00:00:00+00:00,0.018954390746459597,0.019381531709303446,0.021150502177671837,0.019758238193121933
2024-10-08 00:00:00+00:00,0.01952500534114107,0.018954390746459597,0.02063265862481752,0.019036803344538743
2024-10-09 00:00:00+00:00,0.017635434827968293,0.01952500534114107,0.020008354994899755,0.020169198724014337
2024-10-10 00:00:00+00:00,0.019854987598953926,0.017635434827968293,0.020361772321854002,0.016922211060999677
2024-10-11 00:00:00+00:00,0.020104508237384806,0.019854987598953926,0.019780808271998983,0.02003661511836765
2024-10-12 00:00:00+00:00,0.020130540404483213,0.020104508237384806,0.021045231317247986,0.019566630222871514
2024-10-13 00:00:00+00:00,0.022124029111796787,0.020130540404483213,0.02061148349987485,0.018923277543979985
2024-10-14 00:00:00+00:00,0.019755537702770016,0.022124029111796787,0.020027644710773514,0.02408475600457643
2024-10-15 00:00:00+00:00,0.019865104221948968,0.019755537702770016,0.02290270751603465,0.02067208471476824
2024-10-16 00:00:00+00:00,0.019875156984809152,0.019865104221948968,0.022505040811538923,0.02061762065706635
2024-10-17 00:00:00+00:00,0.019460125834692546,0.019875156984809152,0.021918329469331248,0.020109108657124487
2024-10-18 00:00:00+00:00,0.019461118199329736,0.019460125834692546,0.021264643456622094,0.020360866657676478
2024-10-19 00:00:00+00:00,0.019369695930393133,0.019461118199329736,0.020941890403034437,0.018033248536327193
2024-10-20 00:00:00+00:00,0.020248641799505692,0.019369695930393133,0.020304908623420333,0.017920929983601872
2024-10-21 00:00:00+00:00,0.020243658061454783,0.020248641799505692,0.019817796862941557,0.021693885259246096
2024-10-22 00:00:00+00:00,0.019442402080164074,0.020243658061454783,0.020090660682416037,0.02024622481757142
