barcode,item_name,product_name,brand,category,quantity,unit,container_type,storage_area,source,source_url,match_score,search_term
00263665,extra lean ground beef,Extra Lean Ground Beef,Trader Joe's,Protein,1,pack,pack,refrigerator/freezer,Open Food Facts,https://world.openfoodfacts.org/product/00263665,140,extra lean ground beef
4901515122651,low sodium soy sauce,Low sodium Soy Sauce,Kikkoman,Condiment,1,item,bottle/jar,pantry/refrigerator,Open Food Facts,https://world.openfoodfacts.org/product/4901515122651,130,low sodium soy sauce
0043454000875,plant-based chicken nuggets,Plant-Based Chicken Nuggets P Foodservice 00087,Lightlife,Protein,1,can,can,pantry,Open Food Facts,https://world.openfoodfacts.org/product/0043454000875,130,plant-based chicken nuggets
0011110587374,Colby Jack cheese,Colby Jack Cheese,Kroger,Dairy,1,item,carton,refrigerator,Open Food Facts,https://world.openfoodfacts.org/product/0011110587374,125,Colby Jack cheese
0011150080897,Italian dressing mix,Italian Dressing Mix,Roundy's,Condiment,1,item,bottle/jar,pantry/refrigerator,Open Food Facts,https://world.openfoodfacts.org/product/0011150080897,125,Italian dressing mix
0036800372603,Yukon gold potatoes,Yukon Gold Potatoes,Harvest Club,Vegetable,1,item,bag/can,pantry/refrigerator/freezer,Open Food Facts,https://world.openfoodfacts.org/product/0036800372603,125,Yukon gold potatoes
0040100007219,active dry yeast,Active Dry Yeast,Fleischmann's,Spice/Baking,1,item,bottle/box,pantry,Open Food Facts,https://world.openfoodfacts.org/product/0040100007219,125,active dry yeast
6111094002253,angel hair pasta,Extra Fine Angel Hair Pasta,Dari,Grain,1,item,bag/box,pantry/freezer,Open Food Facts,https://world.openfoodfacts.org/product/6111094002253,125,angel hair pasta
0074305001161,apple cider vinegar,APPLE CIDER VINEGAR,BRAGG,Condiment,1,item,bottle/jar,pantry/refrigerator,Open Food Facts,https://world.openfoodfacts.org/product/0074305001161,125,apple cider vinegar
0088702262056,apple pie filling,Apple Pie Filling,Bonne Maman,Spice/Baking,1,item,bottle/box,pantry,Open Food Facts,https://world.openfoodfacts.org/product/0088702262056,125,apple pie filling
0037102281488,baby bella mushrooms,Baby Bella Mushrooms Whole,Monterey Mushrooms,Vegetable,1,item,bag/can,pantry/refrigerator/freezer,Open Food Facts,https://world.openfoodfacts.org/product/0037102281488,125,baby bella mushrooms
0681131180764,beef chuck roast,Slow Cooker Beef Chuck Roast with Vegetables,Marketside,Protein,1,pack,pack,refrigerator/freezer,Open Food Facts,https://world.openfoodfacts.org/product/0681131180764,125,beef chuck roast
0011110192585,beef ribeye steak,ANGUS BEEF RIBEYE STEAK,simple truth,Protein,1,pack,pack,refrigerator/freezer,Open Food Facts,https://world.openfoodfacts.org/product/0011110192585,125,beef ribeye steak
0041415634619,beef short ribs,Beef Short Ribs With Duchess Potatoes & Vegetables,Publix,Protein,1,pack,pack,refrigerator/freezer,Open Food Facts,https://world.openfoodfacts.org/product/0041415634619,125,beef short ribs
00248105,beef sirloin steak,British beef sirloin steak,Sainsbury's SO Organic,Protein,1,pack,pack,refrigerator/freezer,Open Food Facts,https://world.openfoodfacts.org/product/00248105,125,beef sirloin steak
0028989100641,black bean burgers,Spicy Black Bean Burgers,MorningStar Farms,Protein,1,can,can,pantry,Open Food Facts,https://world.openfoodfacts.org/product/0028989100641,125,black bean burgers
0041321006050,blue cheese dressing,Chunky Blue Cheese Dressing,Wish-Bone,Condiment,1,item,bottle/jar,pantry/refrigerator,Open Food Facts,https://world.openfoodfacts.org/product/0041321006050,125,blue cheese dressing
0028500100204,blueberry pie filling,Premium Blueberry Pie Filling Or Topping 2yrs prod,Lucky Leaf,Spice/Baking,1,item,bottle/box,pantry,Open Food Facts,https://world.openfoodfacts.org/product/0028500100204,125,blueberry pie filling
0037600241540,boneless pork chops,Smoked boneless pork chops,"Hormel, Hormel Foods Corporation",Protein,1,pack,pack,refrigerator/freezer,Open Food Facts,https://world.openfoodfacts.org/product/0037600241540,125,boneless pork chops
0096619998456,canned roast beef,Canned Roast Beef,Kirkland,Canned Goods,1,can,can/jar,pantry,Open Food Facts,https://world.openfoodfacts.org/product/0096619998456,125,canned roast beef
00970662,cheese sandwich crackers,Mini Cheese Sandwich Crackers,Trader Joe's,Snack,1,item,bag/box,pantry,Open Food Facts,https://world.openfoodfacts.org/product/00970662,125,cheese sandwich crackers
0011110800862,cherry pie filling,"Kroger, extra cherry pie filling, cherry",Kroger,Spice/Baking,1,item,bottle/box,pantry,Open Food Facts,https://world.openfoodfacts.org/product/0011110800862,125,cherry pie filling
0024463061040,chili garlic sauce,CHILI GARLIC SAUCE,"HUY FONG FOODS, INC.",Condiment,1,item,bottle/jar,pantry/refrigerator,Open Food Facts,https://world.openfoodfacts.org/product/0024463061040,125,chili garlic sauce
0051000059772,cream of chicken soup,Cream of Chicken Soup,Campbell's,Canned Goods,1,can,can/jar,pantry,Open Food Facts,https://world.openfoodfacts.org/product/0051000059772,125,cream of chicken soup
0747599317767,dark chocolate squares,Holiday Impressions Milk & Dark Chocolate Squares,Ghirardelli Chocolate Company,Snack,1,item,bag/box,pantry,Open Food Facts,https://world.openfoodfacts.org/product/0747599317767,125,dark chocolate squares
0037600132831,deli roast beef,deli ROAST BEEF,Hormel NATURAL CHOICE,Protein,1,pack,pack,refrigerator/freezer,Open Food Facts,https://world.openfoodfacts.org/product/0037600132831,125,deli roast beef
0041415024427,dry black beans,Dry black beans,Publix,Protein,1,can,can,pantry,Open Food Facts,https://world.openfoodfacts.org/product/0041415024427,125,dry black beans
0074699010251,egg roll wrappers,EGG ROLL WRAPPERS,Twin Dragon,Grain,1,item,bag/box,pantry/freezer,Open Food Facts,https://world.openfoodfacts.org/product/0074699010251,125,egg roll wrappers
0085239002100,frozen beef patties,All natural frozen beef patties,Good & Gather,Protein,1,pack,pack,refrigerator/freezer,Open Food Facts,https://world.openfoodfacts.org/product/0085239002100,125,frozen beef patties
0794859100003,frozen pizza dough,Frozen Pizza Dough,Riseco's,Frozen,1,item,bag/box,freezer,Open Food Facts,https://world.openfoodfacts.org/product/0794859100003,125,frozen pizza dough
0021140029249,graham cracker crust,Graham Cracker Crust Pie,"Winn-Dixie, Winn-Dixie Stores Inc.",Grain,1,item,bag/box,pantry/freezer,Open Food Facts,https://world.openfoodfacts.org/product/0021140029249,125,graham cracker crust
00977203,great northern beans,Organic Great Northern Beans,Trader Joe's,Protein,1,can,can,pantry,Open Food Facts,https://world.openfoodfacts.org/product/00977203,125,great northern beans
00077569,green bell peppers,"Red, Yellow & Green Bell Peppers Strips",Trader Joe's,Vegetable,1,item,bag/can,pantry/refrigerator/freezer,Open Food Facts,https://world.openfoodfacts.org/product/00077569,125,green bell peppers
0011150083508,green enchilada sauce,Green Enchilada Sauce,Roundy's,Canned Goods,1,can,can/jar,pantry,Open Food Facts,https://world.openfoodfacts.org/product/0011150083508,125,green enchilada sauce
0034500632027,half and half,Half And Half Creamer,Land o lake,Dairy,1,item,carton,refrigerator,Open Food Facts,https://world.openfoodfacts.org/product/0034500632027,125,half and half
0011150572378,mahi mahi fillets,Wild Caught Mahi Mahi Fillets,Roundy's,Seafood,1,pack,pack,refrigerator/freezer,Open Food Facts,https://world.openfoodfacts.org/product/0011150572378,125,mahi mahi fillets
0011225126284,mashed potato flakes,Instant Mashed Potato Flakes,Valu Time,Grain,1,item,bag/box,pantry/freezer,Open Food Facts,https://world.openfoodfacts.org/product/0011225126284,125,mashed potato flakes
0085239003121,mixed fruit cups,Cherry Mixed Fruit Cups,Market Pantry,Fruit,1,item,bag/can,pantry/refrigerator,Open Food Facts,https://world.openfoodfacts.org/product/0085239003121,125,mixed fruit cups
0078742371047,old fashioned oats,Old Fashioned Oats,Great Value,Grain,1,item,bag/box,pantry/freezer,Open Food Facts,https://world.openfoodfacts.org/product/0078742371047,125,old fashioned oats
0085239173893,plain instant oatmeal,Plain instant oatmeal,Good & Gather,Grain,1,item,bag/box,pantry/freezer,Open Food Facts,https://world.openfoodfacts.org/product/0085239173893,125,plain instant oatmeal
0041271009705,pumpkin pie spice,Pumpkin Pie Spice Coffee Creamer,International Delight,Spice/Baking,1,item,bottle/box,pantry,Open Food Facts,https://world.openfoodfacts.org/product/0041271009705,125,pumpkin pie spice
0073214001040,red bell peppers,Roasted Red Bell Peppers,Mezzetta,Vegetable,1,item,bag/can,pantry/refrigerator/freezer,Open Food Facts,https://world.openfoodfacts.org/product/0073214001040,125,red bell peppers
0213409403635,shredded rotisserie chicken,shredded rotisserie chicken,Meijer,Deli/Prepared Ingredient,1,item,container,refrigerator,Open Food Facts,https://world.openfoodfacts.org/product/0213409403635,125,shredded rotisserie chicken
0076829026835,thick-cut bacon,"Cloverdale, Extra Thick-Cut Bacon",Cloverdale Foods Co.,Protein,1,pack,pack,refrigerator/freezer,Open Food Facts,https://world.openfoodfacts.org/product/0076829026835,125,thick-cut bacon
0021000644735,thousand island dressing,Thousand Island Dressing,Kraft,Condiment,1,item,bottle/jar,pantry/refrigerator,Open Food Facts,https://world.openfoodfacts.org/product/0021000644735,125,thousand island dressing
0785357025530,whole bean coffee,Dark Roast French Roast Whole Bean Coffee,Peet's,Beverage,1,item,bottle/box,pantry/refrigerator,Open Food Facts,https://world.openfoodfacts.org/product/0785357025530,125,whole bean coffee
0725342260133,whole peeled tomatoes,Whole peeled tomatoes,Muir Glen Organic,Vegetable,1,item,bag/can,pantry/refrigerator/freezer,Open Food Facts,https://world.openfoodfacts.org/product/0725342260133,125,whole peeled tomatoes
0766375074687,deli chicken salad,Deli chicken salad wrap,,Deli/Prepared Ingredient,1,item,container,refrigerator,Open Food Facts,https://world.openfoodfacts.org/product/0766375074687,120,deli chicken salad
0268085007660,deli tuna salad,Deli tuna salad,,Deli/Prepared Ingredient,1,item,container,refrigerator,Open Food Facts,https://world.openfoodfacts.org/product/0268085007660,120,deli tuna salad
04546207,onion soup mix,Lipton Recipe Secrets Onion Soup Mix,,Condiment,1,item,bottle/jar,pantry/refrigerator,Open Food Facts,https://world.openfoodfacts.org/product/04546207,120,onion soup mix
0028000776404,sweet tea mix,Lemon iced sweet tea mix,,Breakfast,1,item,box/jar,pantry,Open Food Facts,https://world.openfoodfacts.org/product/0028000776404,120,sweet tea mix
3850104003189,chicken noodle soup,Podravka Chicken Noodle Soup,Podravka,Canned Goods,1,can,can/jar,pantry,Open Food Facts,https://world.openfoodfacts.org/product/3850104003189,115,chicken noodle soup
8000500406427,chocolate ice cream,Kinder Chocolate Ice Cream,Kinder,Frozen,1,item,bag/box,freezer,Open Food Facts,https://world.openfoodfacts.org/product/8000500406427,115,chocolate ice cream
5000128841566,frozen hash browns,Frozen Hash Browns,Coop,Grain,1,item,bag/box,pantry/freezer,Open Food Facts,https://world.openfoodfacts.org/product/5000128841566,115,frozen hash browns
4056489488118,frozen mixed berries,Frozen Mixed Berries,Freshona,Fruit,1,item,bag/can,pantry/refrigerator,Open Food Facts,https://world.openfoodfacts.org/product/4056489488118,115,frozen mixed berries
20147433,milk chocolate chips,Breakfast Biscuits Milk & Chocolate Chips,Sondey,Snack,1,item,bag/box,pantry,Open Food Facts,https://world.openfoodfacts.org/product/20147433,115,milk chocolate chips
8853662056326,sweet chili sauce,Sweet chili sauce,flying goose brand,Condiment,1,item,bottle/jar,pantry/refrigerator,Open Food Facts,https://world.openfoodfacts.org/product/8853662056326,115,sweet chili sauce
20005238,white chocolate chips,White Chocolate Chips,Belbake,Spice/Baking,1,item,bottle/box,pantry,Open Food Facts,https://world.openfoodfacts.org/product/20005238,115,white chocolate chips
8410076472083,whole wheat tortillas,Old El Paso 8 Regular Whole Wheat Tortillas,Old el paso,Grain,1,item,bag/box,pantry/freezer,Open Food Facts,https://world.openfoodfacts.org/product/8410076472083,115,whole wheat tortillas
00707008,Brussels sprouts,Roasted Seasoned Brussels Sprouts with Parmesan Cheese,Trader Joe's,Vegetable,1,item,bag/can,pantry/refrigerator/freezer,Open Food Facts,https://world.openfoodfacts.org/product/00707008,110,Brussels sprouts
0817885000021,Cajun seasoning,Cajun Seasoning,Slap Ya Mama,Spice/Baking,1,item,bottle/box,pantry,Open Food Facts,https://world.openfoodfacts.org/product/0817885000021,110,Cajun seasoning
0033900000856,Canadian bacon,CANADIAN BACON,JONES,Protein,1,pack,pack,refrigerator/freezer,Open Food Facts,https://world.openfoodfacts.org/product/0033900000856,110,Canadian bacon
0054400000245,Dijon mustard,DIJON MUSTARD,GREY POUPON,Condiment,1,item,bottle/jar,pantry/refrigerator,Open Food Facts,https://world.openfoodfacts.org/product/0054400000245,110,Dijon mustard
0048121102081,English muffins,English Muffins,Thomas,Grain,1,item,bag/box,pantry/freezer,Open Food Facts,https://world.openfoodfacts.org/product/0048121102081,110,English muffins
0804305080404,Honeycrisp apples,Explosive Flavor Honeycrisp Apples,Rainier Fruit,Fruit,1,item,bag/can,pantry/refrigerator,Open Food Facts,https://world.openfoodfacts.org/product/0804305080404,110,Honeycrisp apples
0096619194117,Italian sausage,ITALIAN SAUSAGE AND BEEF LASAGNA,KIRKLAND Signature,Protein,1,pack,pack,refrigerator/freezer,Open Food Facts,https://world.openfoodfacts.org/product/0096619194117,110,Italian sausage
0078742254685,Italian seasoning,"Great Value Italian Seasoning, 0.95 Oz",Great Value,Spice/Baking,1,item,bottle/box,pantry,Open Food Facts,https://world.openfoodfacts.org/product/0078742254685,110,Italian seasoning
0021000026494,Miracle Whip,Miracle Whip Dressing,Miracle Whip,Condiment,1,item,bottle/jar,pantry/refrigerator,Open Food Facts,https://world.openfoodfacts.org/product/0021000026494,110,Miracle Whip
0046100001653,Swiss cheese,Sliced Swiss Cheese,Sargento,Dairy,1,item,carton,refrigerator,Open Food Facts,https://world.openfoodfacts.org/product/0046100001653,110,Swiss cheese
0033844004026,adobo seasoning,Adobo Seasoning,Badia,Spice/Baking,1,item,bottle/box,pantry,Open Food Facts,https://world.openfoodfacts.org/product/0033844004026,110,adobo seasoning
0671372601050,adzuki beans,Sprouted Adzuki Beans,Bio-Bud,Protein,1,can,can,pantry,Open Food Facts,https://world.openfoodfacts.org/product/0671372601050,110,adzuki beans
0036200219294,alfredo sauce,Alfredo Sauce,Bertolli,Condiment,1,item,bottle/jar,pantry/refrigerator,Open Food Facts,https://world.openfoodfacts.org/product/0036200219294,110,alfredo sauce
0025638830027,almond extract,Pure Almond Extract,Nielsen-Massey,Spice/Baking,1,item,bottle/box,pantry,Open Food Facts,https://world.openfoodfacts.org/product/0025638830027,110,almond extract
0856069005957,almond flour,Almond Flour Crackers - Fine Ground Sea Salt,Simple Mills,Grain,1,item,bag/box,pantry/freezer,Open Food Facts,https://world.openfoodfacts.org/product/0856069005957,110,almond flour
00909945,animal crackers,Organic Animal Crackers,Trader Joe's,Snack,1,item,bag/box,pantry,Open Food Facts,https://world.openfoodfacts.org/product/00909945,110,animal crackers
0037323002022,apple butter,APPLE BUTTER,MUSSELMAN'S,Breakfast,1,item,box/jar,pantry,Open Food Facts,https://world.openfoodfacts.org/product/0037323002022,110,apple butter
0033383666020,baby carrots,Baby Carrots,Grimmway Farms,Vegetable,1,item,bag/can,pantry/refrigerator/freezer,Open Food Facts,https://world.openfoodfacts.org/product/0033383666020,110,baby carrots
0032601901509,baby spinach,Organic Baby Spinach,Earthbound Farm,Vegetable,1,item,bag/can,pantry/refrigerator/freezer,Open Food Facts,https://world.openfoodfacts.org/product/0032601901509,110,baby spinach
0717887651903,bagel chips,Organic Everything Bagel Chips,Schwartz Brothers Bakery,Snack,1,item,bag/box,pantry,Open Food Facts,https://world.openfoodfacts.org/product/0717887651903,110,bagel chips
0856069005513,baking mix,Almond Flour Baking Mix Brownie,Simple Mills,Grain,1,item,bag/box,pantry/freezer,Open Food Facts,https://world.openfoodfacts.org/product/0856069005513,110,baking mix
0033200011101,baking soda,Pure baking soda,ARM & HAMMER,Spice/Baking,1,item,bottle/box,pantry,Open Food Facts,https://world.openfoodfacts.org/product/0033200011101,110,baking soda
0043182008341,bamboo shoots,Organic Sliced Bamboo Shoots,Native Forest,Vegetable,1,item,bag/can,pantry/refrigerator/freezer,Open Food Facts,https://world.openfoodfacts.org/product/0043182008341,110,bamboo shoots
0194346135707,bay scallops,Bay scallops,Market side,Seafood,1,pack,pack,refrigerator/freezer,Open Food Facts,https://world.openfoodfacts.org/product/0194346135707,110,bay scallops
0028400000789,bean dip,Bean Dip,Fritos,Protein,1,can,can,pantry,Open Food Facts,https://world.openfoodfacts.org/product/0028400000789,110,bean dip
0096619212989,beef patties,100% Grass-Fed Beef Patties,Kirkland,Protein,1,pack,pack,refrigerator/freezer,Open Food Facts,https://world.openfoodfacts.org/product/0096619212989,110,beef patties
00427920,black beans,black beans in water,Sainsbury's,Protein,1,can,can,pantry,Open Food Facts,https://world.openfoodfacts.org/product/00427920,110,black beans
0815063020137,bok choy,micro bok choy,AEROFARMS,Vegetable,1,item,bag/can,pantry/refrigerator/freezer,Open Food Facts,https://world.openfoodfacts.org/product/0815063020137,110,bok choy
0052603056076,bone broth,Organic Bone Broth Chicken Unsalted,Pacific Foods,Canned Goods,1,can,can/jar,pantry,Open Food Facts,https://world.openfoodfacts.org/product/0052603056076,110,bone broth
00161886,boneless chicken breast,Grilled Rosemary Boneless Chicken Breast with a Seasoned Brown & Wild Rice Blend,Trader Joe's,Protein,1,pack,pack,refrigerator/freezer,Open Food Facts,https://world.openfoodfacts.org/product/00161886,110,boneless chicken breast
0029243000134,bowtie pasta,"La Moderna, Bowtie Pasta, Macaroni Product",Productos Alimenticios La Moderna S.A. De C.V.,Grain,1,item,bag/box,pantry/freezer,Open Food Facts,https://world.openfoodfacts.org/product/0029243000134,110,bowtie pasta
00030823,broccoli crowns,Fresh Broccoli Crowns,Fresh Broccoli & Cauliflower,Vegetable,1,item,bag/can,pantry/refrigerator/freezer,Open Food Facts,https://world.openfoodfacts.org/product/00030823,110,broccoli crowns
0041460398290,brown gravy,Brown Gravy Mix,Pioneer,Canned Goods,1,can,can/jar,pantry,Open Food Facts,https://world.openfoodfacts.org/product/0041460398290,110,brown gravy
0748404287947,brown rice,Organic Quinoa & Brown Rice with Garlic,Seeds of Change,Grain,1,item,bag/box,pantry/freezer,Open Food Facts,https://world.openfoodfacts.org/product/0748404287947,110,brown rice
0030000064412,brown sugar,Oatmeal Squares Brown Sugar,Quaker,Breakfast,1,item,box/jar,pantry,Open Food Facts,https://world.openfoodfacts.org/product/0030000064412,110,brown sugar
0041449301976,brownie mix,Premium Brownie Mix Dark Chocolate,Ghirardelli,Grain,1,item,bag/box,pantry/freezer,Open Food Facts,https://world.openfoodfacts.org/product/0041449301976,110,brownie mix
0052603041805,butternut squash,Organic Butternut Squash Soup,Pacific Foods,Vegetable,1,item,bag/can,pantry/refrigerator/freezer,Open Food Facts,https://world.openfoodfacts.org/product/0052603041805,110,butternut squash
0070253294013,butterscotch chips,Butterscotch chips,Our Family,Spice/Baking,1,item,bottle/box,pantry,Open Food Facts,https://world.openfoodfacts.org/product/0070253294013,110,butterscotch chips
0044800001423,cane sugar,Turbinado Cane Sugar,Sugar In The Raw,Breakfast,1,item,box/jar,pantry,Open Food Facts,https://world.openfoodfacts.org/product/0044800001423,110,cane sugar
0034500151191,canola oil,Butter with Canola Oil,Land O Lakes,Condiment,1,item,bottle/jar,pantry/refrigerator,Open Food Facts,https://world.openfoodfacts.org/product/0034500151191,110,canola oil
0078742154558,caraway seed,Caraway seed,Great Value,Spice/Baking,1,item,bottle/box,pantry,Open Food Facts,https://world.openfoodfacts.org/product/0078742154558,110,caraway seed
0078742154497,celery seed,organic great value celery seed,Great Value,Spice/Baking,1,item,bottle/box,pantry,Open Food Facts,https://world.openfoodfacts.org/product/0078742154497,110,celery seed
0072745804892,chicken tenders,Chicken Tenders,Perdue,Protein,1,pack,pack,refrigerator/freezer,Open Food Facts,https://world.openfoodfacts.org/product/0072745804892,110,chicken tenders
03431209,chocolate syrup,Chocolate Syrup,Hershey's,Beverage,1,item,bottle/box,pantry/refrigerator,Open Food Facts,https://world.openfoodfacts.org/product/03431209,110,chocolate syrup
01482338,cinnamon applesauce,Cinnamon Applesauce,Mott's,Fruit,1,item,bag/can,pantry/refrigerator,Open Food Facts,https://world.openfoodfacts.org/product/01482338,110,cinnamon applesauce
0090478230634,club soda,"Mineragua, Jarritos, Club Soda",Jarritos Inc.,Beverage,1,item,bottle/box,pantry/refrigerator,Open Food Facts,https://world.openfoodfacts.org/product/0090478230634,110,club soda
0039978035813,coconut flakes,Coconut Flakes,Bob's Red Mill,Fruit,1,item,bag/can,pantry/refrigerator,Open Food Facts,https://world.openfoodfacts.org/product/0039978035813,110,coconut flakes
0898999010007,coconut water,Coconut Water,Vita Coco,Beverage,1,item,bottle/box,pantry/refrigerator,Open Food Facts,https://world.openfoodfacts.org/product/0898999010007,110,coconut water
0859922007396,coffee creamer,French Vanilla Coffee Creamer,nut pods,Dairy,1,item,carton,refrigerator,Open Food Facts,https://world.openfoodfacts.org/product/0859922007396,110,coffee creamer
8000070053571,coffee pods,Espresso maestro Lungo Coffee Pods,"LavAzza - Luigi Lavazza S.p.A., Lavazza",Beverage,1,item,bottle/box,pantry/refrigerator,Open Food Facts,https://world.openfoodfacts.org/product/8000070053571,110,coffee pods
0036406304756,coleslaw mix,Coleslaw Mix,"Bread & Circus Inc., Whole Foods Market",Vegetable,1,item,bag/can,pantry/refrigerator/freezer,Open Food Facts,https://world.openfoodfacts.org/product/0036406304756,110,coleslaw mix
0761720051108,corn syrup,Light Corn Syrup with Real Vanilla,Karo,Spice/Baking,1,item,bottle/box,pantry,Open Food Facts,https://world.openfoodfacts.org/product/0761720051108,110,corn syrup
0037600260305,deli ham,Honey deli Ham,Hormel Natural Choice,Protein,1,pack,pack,refrigerator/freezer,Open Food Facts,https://world.openfoodfacts.org/product/0037600260305,110,deli ham
0054100018304,dill relish,Dill Relish,vlasic,Condiment,1,item,bottle/jar,pantry/refrigerator,Open Food Facts,https://world.openfoodfacts.org/product/0054100018304,110,dill relish
0011110713667,dill weed,Dill weed,Private Selection,Spice/Baking,1,item,bottle/box,pantry,Open Food Facts,https://world.openfoodfacts.org/product/0011110713667,110,dill weed
0096619615223,dried blueberries,Whole dried blueberries,Kirkland signature,Breakfast,1,item,box/jar,pantry,Open Food Facts,https://world.openfoodfacts.org/product/0096619615223,110,dried blueberries
0842515010354,dried figs,Organic Sun-dried Figs,Sunny Fruit,Fruit,1,item,bag/can,pantry/refrigerator,Open Food Facts,https://world.openfoodfacts.org/product/0842515010354,110,dried figs
0015100000072,elbow macaroni,Elbow Macaroni,"Creamette, Nwpc",Grain,1,item,bag/box,pantry/freezer,Open Food Facts,https://world.openfoodfacts.org/product/0015100000072,110,elbow macaroni
0853218000078,electrolyte drink,Daily Electrolyte Drink Mix,Ultima Replenisher,Beverage,1,item,bottle/box,pantry/refrigerator,Open Food Facts,https://world.openfoodfacts.org/product/0853218000078,110,electrolyte drink
0050000010110,evaporated milk,Evaporated Milk / Leche Evaporada,Carnation,Dairy,1,item,carton,refrigerator,Open Food Facts,https://world.openfoodfacts.org/product/0050000010110,110,evaporated milk
0046000288734,fajita seasoning,FAJITA SEASONING MIX,OLD EL PASO,Condiment,1,item,bottle/jar,pantry/refrigerator,Open Food Facts,https://world.openfoodfacts.org/product/0046000288734,110,fajita seasoning
0011110913425,firm tofu,EXTRA FIRM TOFU,simple truth,Protein,1,can,can,pantry,Open Food Facts,https://world.openfoodfacts.org/product/0011110913425,110,firm tofu
0011110962447,flounder fillets,Wild caught boneless & skinless flounder fillets,Kroger,Seafood,1,pack,pack,refrigerator/freezer,Open Food Facts,https://world.openfoodfacts.org/product/0011110962447,110,flounder fillets
20067267,frosted flakes,Frosted Flakes,Crownfield,Breakfast,1,item,box/jar,pantry,Open Food Facts,https://world.openfoodfacts.org/product/20067267,110,frosted flakes
0041303011942,frozen peaches,Sliced frozen peaches,Essential Everyday,Fruit,1,item,bag/can,pantry/refrigerator,Open Food Facts,https://world.openfoodfacts.org/product/0041303011942,110,frozen peaches
0663701270648,goat meat,Australian Goat meat,Swift,Protein,1,pack,pack,refrigerator/freezer,Open Food Facts,https://world.openfoodfacts.org/product/0663701270648,110,goat meat
0041143151600,golden raisins,Golden Raisins,Sun-Maid,Fruit,1,item,bag/can,pantry/refrigerator,Open Food Facts,https://world.openfoodfacts.org/product/0041143151600,110,golden raisins
0674526770534,grape tomatoes,Concerto Grape Tomatoes,Windset Farms,Vegetable,1,item,bag/can,pantry/refrigerator/freezer,Open Food Facts,https://world.openfoodfacts.org/product/0674526770534,110,grape tomatoes
0072745063695,ground chicken,GROUND CHICKEN,Perdue,Protein,1,pack,pack,refrigerator/freezer,Open Food Facts,https://world.openfoodfacts.org/product/0072745063695,110,ground chicken
4099100216844,ground lamb,GROUND LAMB,NEVER ANY!,Protein,1,pack,pack,refrigerator/freezer,Open Food Facts,https://world.openfoodfacts.org/product/4099100216844,110,ground lamb
4099100137811,ground pork,Ground Pork 80% lean 20% fat,Never Any!,Protein,1,pack,pack,refrigerator/freezer,Open Food Facts,https://world.openfoodfacts.org/product/4099100137811,110,ground pork
0042222130202,ground turkey,93% Lean 7% Fat Ground Turkey,Jennie-O,Protein,1,pack,pack,refrigerator/freezer,Open Food Facts,https://world.openfoodfacts.org/product/0042222130202,110,ground turkey
0096619066254,hemp seeds,Organic Hemp Hearts Shelled Hemp Seeds,Kirkland,Breakfast,1,item,box/jar,pantry,Open Food Facts,https://world.openfoodfacts.org/product/0096619066254,110,hemp seeds
0742812700616,hoisin sauce,Hoisin Sauce,Lee Kum Kee,Condiment,1,item,bottle/jar,pantry/refrigerator,Open Food Facts,https://world.openfoodfacts.org/product/0742812700616,110,hoisin sauce
0077975093740,honey mustard,Pretzel Sticks Honey Mustard & Onion,Snyder's of Hanover,Condiment,1,item,bottle/jar,pantry/refrigerator,Open Food Facts,https://world.openfoodfacts.org/product/0077975093740,110,honey mustard
0097339000054,hot sauce,Mexican hot sauce,Valentina,Condiment,1,item,bottle/jar,pantry/refrigerator,Open Food Facts,https://world.openfoodfacts.org/product/0097339000054,110,hot sauce
0075720481279,light mayonnaise,Light Mayonnaise,Hellmann's,Condiment,1,item,bottle/jar,pantry/refrigerator,Open Food Facts,https://world.openfoodfacts.org/product/0075720481279,110,light mayonnaise
0078742329901,lobster tails,Cold water lobster tails,Sam's Choice,Seafood,1,pack,pack,refrigerator/freezer,Open Food Facts,https://world.openfoodfacts.org/product/0078742329901,110,lobster tails
0011110020598,maple extract,Imitation Maple Extract,Kroger,Spice/Baking,1,item,bottle/box,pantry,Open Food Facts,https://world.openfoodfacts.org/product/0011110020598,110,maple extract
0096619885718,mixed nuts,UNSALTED MIXED NUTS,KIRKLAND signature,Breakfast,1,item,box/jar,pantry,Open Food Facts,https://world.openfoodfacts.org/product/0096619885718,110,mixed nuts
4061464699670,mushroom gravy,Sirloin Steak Tips With Mushroom Gravy,Park Street Deli,Canned Goods,1,can,can/jar,pantry,Open Food Facts,https://world.openfoodfacts.org/product/4061464699670,110,mushroom gravy
0074305066054,nutritional yeast,Nutritional Yeast,Bragg,Protein,1,can,can,pantry,Open Food Facts,https://world.openfoodfacts.org/product/0074305066054,110,nutritional yeast
0052100006475,onion powder,Onion Powder,McCormick,Spice/Baking,1,item,bottle/box,pantry,Open Food Facts,https://world.openfoodfacts.org/product/0052100006475,110,onion powder
0043647440013,orange marmalade,Orange Marmalade Fine Cut,"Tiptree, Wilkin sons ltd",Breakfast,1,item,box/jar,pantry,Open Food Facts,https://world.openfoodfacts.org/product/0043647440013,110,orange marmalade
0075050006166,peanut sauce,Bangkok Peanut Sauce,HOUSE OF Tsang,Condiment,1,item,bottle/jar,pantry/refrigerator,Open Food Facts,https://world.openfoodfacts.org/product/0075050006166,110,peanut sauce
0045635942431,pickle juice,Pickle juice,Farmstead Ferments,Condiment,1,item,bottle/jar,pantry/refrigerator,Open Food Facts,https://world.openfoodfacts.org/product/0045635942431,110,pickle juice
0043000205525,pie filling,vanilla instant reduced calorie pudding & pie filling,JELL-O,Spice/Baking,1,item,bottle/box,pantry,Open Food Facts,https://world.openfoodfacts.org/product/0043000205525,110,pie filling
0048121277079,plain bagels,Plain Bagels,THOMAS',Grain,1,item,bag/box,pantry/freezer,Open Food Facts,https://world.openfoodfacts.org/product/0048121277079,110,plain bagels
0853883006016,plain hummus,Plain Hummus,Ithaca Squeeze,Protein,1,can,can,pantry,Open Food Facts,https://world.openfoodfacts.org/product/0853883006016,110,plain hummus
4061459734928,popcorn chips,Popcorn Chips Kettle,Clancy's,Snack,1,item,bag/box,pantry,Open Food Facts,https://world.openfoodfacts.org/product/4061459734928,110,popcorn chips
0099482490072,popcorn kernels,Organic Yellow Popcorn Kernels,Whole Foods,Snack,1,item,bag/box,pantry,Open Food Facts,https://world.openfoodfacts.org/product/0099482490072,110,popcorn kernels
4061463680211,popcorn shrimp,Oven Crispy Popcorn Shrimp,Fremont Fish Market,Seafood,1,pack,pack,refrigerator/freezer,Open Food Facts,https://world.openfoodfacts.org/product/4061463680211,110,popcorn shrimp
20014957,pork shoulder,Pork shoulder in slices,Fresh & Easy Neighborhood Market Inc.,Protein,1,pack,pack,refrigerator/freezer,Open Food Facts,https://world.openfoodfacts.org/product/20014957,110,pork shoulder
01110104,pork tenderloin,pork tenderloin,The Kroger Co.,Protein,1,pack,pack,refrigerator/freezer,Open Food Facts,https://world.openfoodfacts.org/product/01110104,110,pork tenderloin
0033844007461,poultry seasoning,Poultry Seasoning,Badia,Spice/Baking,1,item,bottle/box,pantry,Open Food Facts,https://world.openfoodfacts.org/product/0033844007461,110,poultry seasoning
0070953891031,powdered sugar,Powdered Sugar Donuts,Duchess,Breakfast,1,item,box/jar,pantry,Open Food Facts,https://world.openfoodfacts.org/product/0070953891031,110,powdered sugar
0011110587169,provolone cheese,Smoke Flavored Provolone Cheese Slices,Kroger,Dairy,1,item,carton,refrigerator,Open Food Facts,https://world.openfoodfacts.org/product/0011110587169,110,provolone cheese
0075450126587,pudding cups,"Chocolate pudding cups, chocolate",Hy-Vee,Snack,1,item,bag/box,pantry,Open Food Facts,https://world.openfoodfacts.org/product/0075450126587,110,pudding cups
0810032300463,pumpkin seeds,Organic Sprouted Pumpkin Seeds Sea Salt,Go Raw,Breakfast,1,item,box/jar,pantry,Open Food Facts,https://world.openfoodfacts.org/product/0810032300463,110,pumpkin seeds
0193968416690,queso dip,White Queso Dip,Member's Mark,Condiment,1,item,bottle/jar,pantry/refrigerator,Open Food Facts,https://world.openfoodfacts.org/product/0193968416690,110,queso dip
0071100309744,ranch seasoning,Ranch Seasoning Dressing & Dip Mix,Hidden Valley,Condiment,1,item,bottle/jar,pantry/refrigerator,Open Food Facts,https://world.openfoodfacts.org/product/0071100309744,110,ranch seasoning
4099100039276,red cabbage,Red Cabbage with Apple,Deutsche Küche,Vegetable,1,item,bag/can,pantry/refrigerator/freezer,Open Food Facts,https://world.openfoodfacts.org/product/4099100039276,110,red cabbage
0096619877454,rotisserie chicken,Seasoned Rotisserie Chicken,Kirkland Signature,Protein,1,pack,pack,refrigerator/freezer,Open Food Facts,https://world.openfoodfacts.org/product/0096619877454,110,rotisserie chicken
0033383530109,russet potatoes,Russet Potatoes,Goodness Unearthed,Vegetable,1,item,bag/can,pantry/refrigerator/freezer,Open Food Facts,https://world.openfoodfacts.org/product/0033383530109,110,russet potatoes
0028029088816,salmon burgers,ALASKA SALMON BURGERS,Trident Seafoods,Seafood,1,pack,pack,refrigerator/freezer,Open Food Facts,https://world.openfoodfacts.org/product/0028029088816,110,salmon burgers
0044000000554,saltine crackers,Premium Unsalted Tops Saltine Crackers,Nabisco,Snack,1,item,bag/box,pantry,Open Food Facts,https://world.openfoodfacts.org/product/0044000000554,110,saltine crackers
0664164101418,sandwich buns,Multi Grain Sandwich Buns,ozery,Grain,1,item,bag/box,pantry/freezer,Open Food Facts,https://world.openfoodfacts.org/product/0664164101418,110,sandwich buns
0048001432062,sazon seasoning,"Knorr, sazon, seasoning with coriander & annatto","Knorr, Unilever",Spice/Baking,1,item,bottle/box,pantry,Open Food Facts,https://world.openfoodfacts.org/product/0048001432062,110,sazon seasoning
0857777004232,sea salt,Chocolate Sea Salt RXBAR,RXBAR,Spice/Baking,1,item,bottle/box,pantry,Open Food Facts,https://world.openfoodfacts.org/product/0857777004232,110,sea salt
4099100102789,sea scallops,Jumbo Sea Scallops,Specially Selected,Seafood,1,pack,pack,refrigerator/freezer,Open Food Facts,https://world.openfoodfacts.org/product/4099100102789,110,sea scallops
0851093004013,seaweed snacks,ROASTED SEAWEED SNACKS,Gimme,Snack,1,item,bag/box,pantry,Open Food Facts,https://world.openfoodfacts.org/product/0851093004013,110,seaweed snacks
0079893402659,shredded coconut,Shredded Coconut Unsweetened,O Organics,Fruit,1,item,bag/can,pantry/refrigerator,Open Food Facts,https://world.openfoodfacts.org/product/0079893402659,110,shredded coconut
0085696608044,silken tofu,Mori-Nu Shelf Stable Silken Tofu Firm,Morinaga,Protein,1,can,can,pantry,Open Food Facts,https://world.openfoodfacts.org/product/0085696608044,110,silken tofu
0011110816405,smoked sausage,BEEF SMOKED SAUSAGE,HILLSHIRE FARM,Protein,1,pack,pack,refrigerator/freezer,Open Food Facts,https://world.openfoodfacts.org/product/0011110816405,110,smoked sausage
0850501000012,soy curls,Soy Curls,"Butler Foods Llc, Butler Soy Curls",Protein,1,can,can,pantry,Open Food Facts,https://world.openfoodfacts.org/product/0850501000012,110,soy curls
0078895126396,soy sauce,Premium Soy Sauce,Lee Kum Kee,Condiment,1,item,bottle/jar,pantry/refrigerator,Open Food Facts,https://world.openfoodfacts.org/product/0078895126396,110,soy sauce
00945578,sprouted tofu,Sprouted Tofu Extra Firm,Trader Joe's,Protein,1,can,can,pantry,Open Food Facts,https://world.openfoodfacts.org/product/00945578,110,sprouted tofu
0028000244606,strawberry syrup,Strawberry Syrup,"Nestlé, Nesquik",Beverage,1,item,bottle/box,pantry/refrigerator,Open Food Facts,https://world.openfoodfacts.org/product/0028000244606,110,strawberry syrup
01313703,sweet relish,Sweet Relish,Heinz,Condiment,1,item,bottle/jar,pantry/refrigerator,Open Food Facts,https://world.openfoodfacts.org/product/01313703,110,sweet relish
0039000008907,taco sauce,Mild Taco Sauce,ORTEGA,Condiment,1,item,bottle/jar,pantry/refrigerator,Open Food Facts,https://world.openfoodfacts.org/product/0039000008907,110,taco sauce
0021000026890,tartar sauce,Tartar Sauce,Kraft,Condiment,1,item,bottle/jar,pantry/refrigerator,Open Food Facts,https://world.openfoodfacts.org/product/0021000026890,110,tartar sauce
0046454020546,tempeh bacon,Smokey Tempeh Bacon,Lightlife,Protein,1,pack,pack,refrigerator/freezer,Open Food Facts,https://world.openfoodfacts.org/product/0046454020546,110,tempeh bacon
0076808280098,thin spaghetti,Thin Spaghetti,Barilla,Grain,1,item,bag/box,pantry/freezer,Open Food Facts,https://world.openfoodfacts.org/product/0076808280098,110,thin spaghetti
00749695,tilapia fillets,Panko Breaded Tilapia Fillets,Trader Joe's,Seafood,1,pack,pack,refrigerator/freezer,Open Food Facts,https://world.openfoodfacts.org/product/00749695,110,tilapia fillets
0058449410003,toaster pastries,FROSTED BERRY STRAWBERRY FLAVORED TOASTER PASTRIES,NATURE'S PATH ORGANIC,Breakfast,1,item,box/jar,pantry,Open Food Facts,https://world.openfoodfacts.org/product/0058449410003,110,toaster pastries
0051000000118,tomato soup,Tomato Soup,Campbell's,Canned Goods,1,can,can/jar,pantry,Open Food Facts,https://world.openfoodfacts.org/product/0051000000118,110,tomato soup
0096619067237,trail mix,TRAIL MIX,KIRKLAND Signature,Breakfast,1,item,box/jar,pantry,Open Food Facts,https://world.openfoodfacts.org/product/0096619067237,110,trail mix
5600409201203,trout fillets,Smoked trout fillets in olive oil,Jose gourmet,Seafood,1,pack,pack,refrigerator/freezer,Open Food Facts,https://world.openfoodfacts.org/product/5600409201203,110,trout fillets
0013000798402,turkey gravy,TURKEY GRAVY,HEINZ HomeStyle,Canned Goods,1,can,can/jar,pantry,Open Food Facts,https://world.openfoodfacts.org/product/0013000798402,110,turkey gravy
0085981916014,vanilla extract,Pure Vanilla Extract,Costco,Spice/Baking,1,item,bottle/box,pantry,Open Food Facts,https://world.openfoodfacts.org/product/0085981916014,110,vanilla extract
0089036242806,vanilla syrup,Vanilla Syrup,Torani,Beverage,1,item,bottle/box,pantry/refrigerator,Open Food Facts,https://world.openfoodfacts.org/product/0089036242806,110,vanilla syrup
0829515300579,veggie straws,Veggie Straws Sea Salt,Sensible Portions,Snack,1,item,bag/box,pantry,Open Food Facts,https://world.openfoodfacts.org/product/0829515300579,110,veggie straws
0742365216855,whipping cream,Heavy Whipping Cream,Horizon Organic,Dairy,1,item,carton,refrigerator,Open Food Facts,https://world.openfoodfacts.org/product/0742365216855,110,whipping cream
0011150572477,whitefish fillets,"Roundy's, fisherman's, whitefish fillets",Roundy's,Seafood,1,pack,pack,refrigerator/freezer,Open Food Facts,https://world.openfoodfacts.org/product/0011150572477,110,whitefish fillets
4056489860198,whole wheat flour,Bread with whole wheat flour and mixed seeds,,Grain,1,item,bag/box,pantry/freezer,Open Food Facts,https://world.openfoodfacts.org/product/4056489860198,110,whole wheat flour
0011152230047,wonton wrappers,Wonton Wrappers,Dynasty,Grain,1,item,bag/box,pantry/freezer,Open Food Facts,https://world.openfoodfacts.org/product/0011152230047,110,wonton wrappers
0041500000251,yellow mustard,Classic Yellow Mustard,French's,Condiment,1,item,bottle/jar,pantry/refrigerator,Open Food Facts,https://world.openfoodfacts.org/product/0041500000251,110,yellow mustard
0033383600017,yellow onions,Yellow Onions,Country Magic,Vegetable,1,item,bag/can,pantry/refrigerator/freezer,Open Food Facts,https://world.openfoodfacts.org/product/0033383600017,110,yellow onions
0071072013038,yellow rice,Saffron Yellow Rice,Vigo,Grain,1,item,bag/box,pantry/freezer,Open Food Facts,https://world.openfoodfacts.org/product/0071072013038,110,yellow rice
0041143092705,yogurt raisins,Yogurt raisins,Sun-Maid,Snack,1,item,bag/box,pantry,Open Food Facts,https://world.openfoodfacts.org/product/0041143092705,110,yogurt raisins
0736622000967,andouille sausage,Dartagnan smoked andouille sausage,,Protein,1,pack,pack,refrigerator/freezer,Open Food Facts,https://world.openfoodfacts.org/product/0736622000967,105,andouille sausage
05212411,fennel seed,Fennel Seed Whole,,Spice/Baking,1,item,bottle/box,pantry,Open Food Facts,https://world.openfoodfacts.org/product/05212411,105,fennel seed
4099100005240,game hen,cornish game hen,,Protein,1,pack,pack,refrigerator/freezer,Open Food Facts,https://world.openfoodfacts.org/product/4099100005240,105,game hen
0021140023902,grouper fillets,grouper fillets,,Seafood,1,pack,pack,refrigerator/freezer,Open Food Facts,https://world.openfoodfacts.org/product/0021140023902,105,grouper fillets
0879890002995,rice crackers,Crunchmaster Multi-Grain 6-Seed Crunchy Baked Rice Crackers,Crunchmaster,Snack,1,item,bag/box,pantry,Open Food Facts,https://world.openfoodfacts.org/product/0879890002995,105,rice crackers
03249659,Gala apples,Gala apples,Tesco,Fruit,1,item,bag/can,pantry/refrigerator,Open Food Facts,https://world.openfoodfacts.org/product/03249659,100,Gala apples
4088600072517,baked beans,Baked Beans,BRAMWELLS,Protein,1,can,can,pantry,Open Food Facts,https://world.openfoodfacts.org/product/4088600072517,100,baked beans
00816243,bean soup,Mexican-style Chilli & Bean Soup,M&S Food,Canned Goods,1,can,can/jar,pantry,Open Food Facts,https://world.openfoodfacts.org/product/00816243,100,bean soup
20103590,bean sprouts,Mung Bean Sprouts,Vitasia,Vegetable,1,item,bag/can,pantry/refrigerator/freezer,Open Food Facts,https://world.openfoodfacts.org/product/20103590,100,bean sprouts
5013665112259,beef stock,Organic Beef Stock Cubes 8 Pack,Kallø,Canned Goods,1,can,can/jar,pantry,Open Food Facts,https://world.openfoodfacts.org/product/5013665112259,100,beef stock
4260380665930,beef strips,Like Beef Strips,Like Meat,Protein,1,pack,pack,refrigerator/freezer,Open Food Facts,https://world.openfoodfacts.org/product/4260380665930,100,beef strips
5050974503736,black pepper,Cracked Black Pepper Crispbread,RYVITA,Spice/Baking,1,item,bottle/box,pantry,Open Food Facts,https://world.openfoodfacts.org/product/5050974503736,100,black pepper
4014400935677,caramel popcorn,Caramel Popcorn,Werther's Original,Snack,1,item,bag/box,pantry,Open Food Facts,https://world.openfoodfacts.org/product/4014400935677,100,caramel popcorn
4770275050067,cheese sticks,Cheese Sticks Mozzarella,Ferdi Fuchs,Dairy,1,item,carton,refrigerator,Open Food Facts,https://world.openfoodfacts.org/product/4770275050067,100,cheese sticks
20068516,cherry tomatoes,Tomatoes - Cherry Tomatoes Italian,Italiamo,Vegetable,1,item,bag/can,pantry/refrigerator/freezer,Open Food Facts,https://world.openfoodfacts.org/product/20068516,100,cherry tomatoes
8711299021004,chia seeds,Chia seeds,Natural Happiness,Breakfast,1,item,box/jar,pantry,Open Food Facts,https://world.openfoodfacts.org/product/8711299021004,100,chia seeds
4088600227368,chicken gravy,Chicken Gravy Granules,Bramwells Quixo,Canned Goods,1,can,can/jar,pantry,Open Food Facts,https://world.openfoodfacts.org/product/4088600227368,100,chicken gravy
5060678710958,chicken thighs,ISN'T CHICKEN THIGHS,THIS,Protein,1,pack,pack,refrigerator/freezer,Open Food Facts,https://world.openfoodfacts.org/product/5060678710958,100,chicken thighs
8886303210207,coconut cream,Natural Coconut Cream,Kara,Fruit,1,item,bag/can,pantry/refrigerator,Open Food Facts,https://world.openfoodfacts.org/product/8886303210207,100,coconut cream
01772852,cod fillets,Breaded 2 cod fillets,Sainsbury's,Seafood,1,pack,pack,refrigerator/freezer,Open Food Facts,https://world.openfoodfacts.org/product/01772852,100,cod fillets
8715000934720,condensed milk,Sweetened Condensed Milk,Nestlé,Canned Goods,1,can,can/jar,pantry,Open Food Facts,https://world.openfoodfacts.org/product/8715000934720,100,condensed milk
20680756,corned beef,Corned beef,Covi SAS,Protein,1,pack,pack,refrigerator/freezer,Open Food Facts,https://world.openfoodfacts.org/product/20680756,100,corned beef
5012246006444,dried apricots,Crazy Jack Organic Soft Dried Apricots 200g,Crazy Jack,Breakfast,1,item,box/jar,pantry,Open Food Facts,https://world.openfoodfacts.org/product/5012246006444,100,dried apricots
5016157074646,duck breast,Duck breast portions,Gressingham,Protein,1,pack,pack,refrigerator/freezer,Open Food Facts,https://world.openfoodfacts.org/product/5016157074646,100,duck breast
5000354924712,egg noodles,Medium Egg Noodles,Sharwood's,Grain,1,item,bag/box,pantry/freezer,Open Food Facts,https://world.openfoodfacts.org/product/5000354924712,100,egg noodles
01178395,feta cheese,Greek PDO feta cheese,Sainsbury's,Dairy,1,item,carton,refrigerator,Open Food Facts,https://world.openfoodfacts.org/product/01178395,100,feta cheese
5010482897017,fish cakes,14 breaded cod fish cakes,Iceland,Seafood,1,pack,pack,refrigerator/freezer,Open Food Facts,https://world.openfoodfacts.org/product/5010482897017,100,fish cakes
5414807006762,fish sticks,Iglo fish sticks,Iglo,Seafood,1,pack,pack,refrigerator/freezer,Open Food Facts,https://world.openfoodfacts.org/product/5414807006762,100,fish sticks
00263269,frozen blueberries,Frozen Blueberries,Sainsbury's,Fruit,1,item,bag/can,pantry/refrigerator,Open Food Facts,https://world.openfoodfacts.org/product/00263269,100,frozen blueberries
2098765943432,frozen dumplings,Frozen Dumplings,Extra,Frozen,1,item,bag/box,freezer,Open Food Facts,https://world.openfoodfacts.org/product/2098765943432,100,frozen dumplings
00263252,frozen strawberries,Frozen strawberries and blueberries,Sainsbury's,Fruit,1,item,bag/can,pantry/refrigerator,Open Food Facts,https://world.openfoodfacts.org/product/00263252,100,frozen strawberries
20155896,green beans,Green Beans in Tomato Sauce,Eridanous Greek Style,Vegetable,1,item,bag/can,pantry/refrigerator/freezer,Open Food Facts,https://world.openfoodfacts.org/product/20155896,100,green beans
5018095011271,green lentils,Puy Lentils & French green lentils,Merchant Gourmet,Protein,1,can,can,pantry,Open Food Facts,https://world.openfoodfacts.org/product/5018095011271,100,green lentils
4056489559795,green pesto,Green Pesto with Basil,Baresa,Condiment,1,item,bottle/jar,pantry/refrigerator,Open Food Facts,https://world.openfoodfacts.org/product/4056489559795,100,green pesto
8410285124377,heavy cream,Nata cocina espesa (heavy cream),President,Dairy,1,item,carton,refrigerator,Open Food Facts,https://world.openfoodfacts.org/product/8410285124377,100,heavy cream
20068295,iced tea,Iced tea saveur pêche,Freeway,Beverage,1,item,bottle/box,pantry/refrigerator,Open Food Facts,https://world.openfoodfacts.org/product/20068295,100,iced tea
20166090,kidney beans,Red Kidney Beans,Freshona,Protein,1,can,can,pantry,Open Food Facts,https://world.openfoodfacts.org/product/20166090,100,kidney beans
5000326010030,large eggs,10 Large Eggs,The Happy Egg co.,Dairy,1,item,carton,refrigerator,Open Food Facts,https://world.openfoodfacts.org/product/5000326010030,100,large eggs
5051008205732,mild salsa,Mild Salsa,Tesco,Condiment,1,item,bottle/jar,pantry/refrigerator,Open Food Facts,https://world.openfoodfacts.org/product/5051008205732,100,mild salsa
5000157062635,minestrone soup,Minestrone Soup,Heinz,Canned Goods,1,can,can/jar,pantry,Open Food Facts,https://world.openfoodfacts.org/product/5000157062635,100,minestrone soup
5060151180766,naan bread,NAAN BREADS GARLIC & CORIANDER,CLAY OVEN BAKERY,Grain,1,item,bag/box,pantry/freezer,Open Food Facts,https://world.openfoodfacts.org/product/5060151180766,100,naan bread
7394376665035,oat milk,Oat milk,Oatly,Dairy,1,item,carton,refrigerator,Open Food Facts,https://world.openfoodfacts.org/product/7394376665035,100,oat milk
8005110517006,pasta sauce,Pasta sauce,Mutti,Condiment,1,item,bottle/jar,pantry/refrigerator,Open Food Facts,https://world.openfoodfacts.org/product/8005110517006,100,pasta sauce
4770175046504,poppy seeds,Magija Poppy seeds,"Magija, Žemaitijos pienas",Spice/Baking,1,item,bottle/box,pantry,Open Food Facts,https://world.openfoodfacts.org/product/4770175046504,100,poppy seeds
5060088700112,protein bars,Protein Bars Cocoa Hazelnut,nakd.,Snack,1,item,bag/box,pantry,Open Food Facts,https://world.openfoodfacts.org/product/5060088700112,100,protein bars
5060092030977,protein granola,Lizis high protein granola nuts and seeds,Lizi's,Breakfast,1,item,box/jar,pantry,Open Food Facts,https://world.openfoodfacts.org/product/5060092030977,100,protein granola
4056489559801,red pesto,Red pesto with sun-dried tomatoes,Lidl,Condiment,1,item,bottle/jar,pantry/refrigerator,Open Food Facts,https://world.openfoodfacts.org/product/4056489559801,100,red pesto
5013665100065,rice cakes,Organic Lightly Salted Wholegrain Low Fat Rice Cakes,kallø,Snack,1,item,bag/box,pantry,Open Food Facts,https://world.openfoodfacts.org/product/5013665100065,100,rice cakes
5060262485286,rice noodles,Rice noodles Satay flavour,Itsu,Grain,1,item,bag/box,pantry/freezer,Open Food Facts,https://world.openfoodfacts.org/product/5060262485286,100,rice noodles
5057373699688,salmon fillets,2 Boneless Salmon Fillets,Tesco,Seafood,1,pack,pack,refrigerator/freezer,Open Food Facts,https://world.openfoodfacts.org/product/5057373699688,100,salmon fillets
5054775188239,salted butter,SALTED BUTTER,TESCO,Dairy,1,item,carton,refrigerator,Open Food Facts,https://world.openfoodfacts.org/product/5054775188239,100,salted butter
5051008865622,sesame oil,Sesame oil,Tesco,Condiment,1,item,bottle/jar,pantry/refrigerator,Open Food Facts,https://world.openfoodfacts.org/product/5051008865622,100,sesame oil
5060194790472,sesame seeds,Sesame Seeds White Roasted,SAITAKU,Spice/Baking,1,item,bottle/box,pantry,Open Food Facts,https://world.openfoodfacts.org/product/5060194790472,100,sesame seeds
5059697687150,smoked salmon,Smoked Salmon,Tesco,Seafood,1,pack,pack,refrigerator/freezer,Open Food Facts,https://world.openfoodfacts.org/product/5059697687150,100,smoked salmon
20482077,sushi rice,Sushi Rice,Vitasia,Grain,1,item,bag/box,pantry/freezer,Open Food Facts,https://world.openfoodfacts.org/product/20482077,100,sushi rice
8715035280304,teriyaki sauce,Teriyaki Sauce mit geröstetem Sesam,Kikkoman,Condiment,1,item,bottle/jar,pantry/refrigerator,Open Food Facts,https://world.openfoodfacts.org/product/8715035280304,100,teriyaki sauce
01268423,tomato juice,CHOPPED TOMATOES in tomato juice,Sainsbury's,Beverage,1,item,bottle/box,pantry/refrigerator,Open Food Facts,https://world.openfoodfacts.org/product/01268423,100,tomato juice
8410076481757,tortilla chips,Tortilla chips,Old El Paso,Snack,1,item,bag/box,pantry,Open Food Facts,https://world.openfoodfacts.org/product/8410076481757,100,tortilla chips
5057753304065,tuna steaks,TESCO DRAINED TUNA TESCO TUNA STEAKS WITH A LITTLE,Tesco,Seafood,1,pack,pack,refrigerator/freezer,Open Food Facts,https://world.openfoodfacts.org/product/5057753304065,100,tuna steaks
5010024103293,white pepper,White pepper,Saxa,Spice/Baking,1,item,bottle/box,pantry,Open Food Facts,https://world.openfoodfacts.org/product/5010024103293,100,white pepper
00296755,whole chicken,Whole Chicken Breast Fillets,Sainsbury's,Protein,1,pack,pack,refrigerator/freezer,Open Food Facts,https://world.openfoodfacts.org/product/00296755,100,whole chicken
0033844002190,allspice,Allspice Ground,Badia,Spice/Baking,1,item,bottle/box,pantry,Open Food Facts,https://world.openfoodfacts.org/product/0033844002190,95,allspice
0070796700033,anchovies,"Cento, flat fillet anchovies",Cento,Seafood,1,pack,pack,refrigerator/freezer,Open Food Facts,https://world.openfoodfacts.org/product/0070796700033,95,anchovies
00662932,arugula,Lemony Arugula Basil Salad Kit,Trader Joe's,Vegetable,1,item,bag/can,pantry/refrigerator/freezer,Open Food Facts,https://world.openfoodfacts.org/product/00662932,95,arugula
20127008,asparagus,Asparagus risotto,"Deluxe, Lidl",Vegetable,1,item,bag/can,pantry/refrigerator/freezer,Open Food Facts,https://world.openfoodfacts.org/product/20127008,95,asparagus
0815074022915,avocado,Avocado Oil Spray,Chosen Foods,Fruit,1,item,bag/can,pantry/refrigerator,Open Food Facts,https://world.openfoodfacts.org/product/0815074022915,95,avocado
0810075553161,cabbage,"Kimchi, Sliced Napa Cabbage",Jongga,Vegetable,1,item,bag/can,pantry/refrigerator/freezer,Open Food Facts,https://world.openfoodfacts.org/product/0810075553161,95,cabbage
00911474,cantaloupe,Cantaloupe melon fingers,Marks & Spencer,Fruit,1,item,bag/can,pantry/refrigerator,Open Food Facts,https://world.openfoodfacts.org/product/00911474,95,cantaloupe
0041331013703,capers,Nonpareilles Capers,Goya,Canned Goods,1,can,can/jar,pantry,Open Food Facts,https://world.openfoodfacts.org/product/0041331013703,95,capers
0016000275263,cheerios,Cheerios,General Mills,Breakfast,1,item,box/jar,pantry,Open Food Facts,https://world.openfoodfacts.org/product/0016000275263,95,cheerios
0855232007576,cilantro,Cilantro Lime Dressing & Marinade,Primal Kitchen,Spice/Baking,1,item,bottle/box,pantry,Open Food Facts,https://world.openfoodfacts.org/product/0855232007576,95,cilantro
0819562022791,cinnamon,nut granola blueberry cinnamon sweet & crunchy,"Snacks Generation LLC, nútrail",Spice/Baking,1,item,bottle/box,pantry,Open Food Facts,https://world.openfoodfacts.org/product/0819562022791,95,cinnamon
0798525161008,clams,Chopped clams in clam juice,Bumble Bee Foods Llc,Seafood,1,pack,pack,refrigerator/freezer,Open Food Facts,https://world.openfoodfacts.org/product/0798525161008,95,clams
3165440006702,couscous,Couscous sachet cuisson,Tipiak,Grain,1,item,bag/box,pantry/freezer,Open Food Facts,https://world.openfoodfacts.org/product/3165440006702,95,couscous
00414234,fettuccine,Fettuccine Alfredo,Trader Giotto's,Grain,1,item,bag/box,pantry/freezer,Open Food Facts,https://world.openfoodfacts.org/product/00414234,95,fettuccine
0099482477073,flaxseed,Organic Ground Flaxseed,365 Whole Foods Market,Breakfast,1,item,box/jar,pantry,Open Food Facts,https://world.openfoodfacts.org/product/0099482477073,95,flaxseed
0049000002485,grapefruit,Fresca Sparkling Soda Water Grapefruit Citrus,Fresca,Fruit,1,item,bag/can,pantry/refrigerator,Open Food Facts,https://world.openfoodfacts.org/product/0049000002485,95,grapefruit
0016000264694,honey,Oats 'N Honey Granola Bars,Nature Valley,Breakfast,1,item,box/jar,pantry,Open Food Facts,https://world.openfoodfacts.org/product/0016000264694,95,honey
0041543050084,horseradish,Fresh Ground Horseradish,Silver Spring Foods,Condiment,1,item,bottle/jar,pantry/refrigerator,Open Food Facts,https://world.openfoodfacts.org/product/0041543050084,95,horseradish
0030223040743,kale,Sweet Kale Chopped Kit,Taylor Farms,Vegetable,1,item,bag/can,pantry/refrigerator/freezer,Open Food Facts,https://world.openfoodfacts.org/product/0030223040743,95,kale
6111184004730,ketchup,Ketchup star 310 g,Star,Condiment,1,item,bottle/jar,pantry/refrigerator,Open Food Facts,https://world.openfoodfacts.org/product/6111184004730,95,ketchup
0033383650203,lettuce,Iceberg Lettuce,Foxy,Vegetable,1,item,bag/can,pantry/refrigerator/freezer,Open Food Facts,https://world.openfoodfacts.org/product/0033383650203,95,lettuce
8076809523509,linguine,Pâtes linguine collezione 500g,Barilla,Grain,1,item,bag/box,pantry/freezer,Open Food Facts,https://world.openfoodfacts.org/product/8076809523509,95,linguine
0064144043224,meatballs,Spaghetti & Meatballs,Chef Boyardee,Protein,1,pack,pack,refrigerator/freezer,Open Food Facts,https://world.openfoodfacts.org/product/0064144043224,95,meatballs
0033844002176,nutmeg,Nutmeg Ground - 2 oz,"Badia, Badia Spices",Spice/Baking,1,item,bottle/box,pantry,Open Food Facts,https://world.openfoodfacts.org/product/0033844002176,95,nutmeg
00561716,okra,crispy crunchy OKRA,Trader Joe's,Vegetable,1,item,bag/can,pantry/refrigerator/freezer,Open Food Facts,https://world.openfoodfacts.org/product/00561716,95,okra
0009349005622,oxtail,Oxtail Seasoning,Blue Mountain Country,Protein,1,pack,pack,refrigerator/freezer,Open Food Facts,https://world.openfoodfacts.org/product/0009349005622,95,oxtail
0037600188081,pepperoni,TURKEY PEPPERONI,Hormel,Protein,1,pack,pack,refrigerator/freezer,Open Food Facts,https://world.openfoodfacts.org/product/0037600188081,95,pepperoni
0024000001645,pineapple,Pineapple Chunks,"Del Monte, Del Monte Foods",Fruit,1,item,bag/can,pantry/refrigerator,Open Food Facts,https://world.openfoodfacts.org/product/0024000001645,95,pineapple
0096619107698,pistachios,Shelled Pistachios,Kirkland Signature,Breakfast,1,item,box/jar,pantry,Open Food Facts,https://world.openfoodfacts.org/product/0096619107698,95,pistachios
0096619983582,plums,Dried Plums,Kirkland Signature,Fruit,1,item,bag/can,pantry/refrigerator,Open Food Facts,https://world.openfoodfacts.org/product/0096619983582,95,plums
0824150910565,pomegranate,100% Pomegranate Juice,POM Wonderful,Fruit,1,item,bag/can,pantry/refrigerator,Open Food Facts,https://world.openfoodfacts.org/product/0824150910565,95,pomegranate
0096619336753,pretzels,Peanut Butter Pretzels,Kirkland Signature,Snack,1,item,bag/box,pantry,Open Food Facts,https://world.openfoodfacts.org/product/0096619336753,95,pretzels
0715756100019,raspberries,Raspberries,Driscoll's,Fruit,1,item,bag/can,pantry/refrigerator,Open Food Facts,https://world.openfoodfacts.org/product/0715756100019,95,raspberries
0856069005124,rosemary,Almond Flour Crackers Rosemary & Sea Salt,Simple Mills,Spice/Baking,1,item,bottle/box,pantry,Open Food Facts,https://world.openfoodfacts.org/product/0856069005124,95,rosemary
0858159002532,sauerkraut,Sauerkraut,wildbrine,Vegetable,1,item,bag/can,pantry/refrigerator/freezer,Open Food Facts,https://world.openfoodfacts.org/product/0858159002532,95,sauerkraut
0037946841169,smelt,"Pescanova, smelt headless",Pescanova,Seafood,1,pack,pack,refrigerator/freezer,Open Food Facts,https://world.openfoodfacts.org/product/0037946841169,95,smelt
0024463061095,sriracha,Sriracha Hot Chili Sauce,"Huy Fong Foods, Inc.",Condiment,1,item,bottle/jar,pantry/refrigerator,Open Food Facts,https://world.openfoodfacts.org/product/0024463061095,95,sriracha
50184453,yeast,Yeast Extract,Marmite,Spice/Baking,1,item,bottle/box,pantry,Open Food Facts,https://world.openfoodfacts.org/product/50184453,95,yeast
0021511516873,ziti,Penne Ziti Rigati,Garofalo,Grain,1,item,bag/box,pantry/freezer,Open Food Facts,https://world.openfoodfacts.org/product/0021511516873,95,ziti
20037154,basil,Sauce tomate au basilic,Combino,Spice/Baking,1,item,bottle/box,pantry,Open Food Facts,https://world.openfoodfacts.org/product/20037154,85,basil
8480000058157,bratwurst,Salchichas cocidas de cerdo estilo Bratwurst,Hacendado,Protein,1,pack,pack,refrigerator/freezer,Open Food Facts,https://world.openfoodfacts.org/product/8480000058157,85,bratwurst
5060136255939,broccoli,"Marinated Tomato, Broccoli & Spinach Vegan Quiche",Higgidy,Vegetable,1,item,bag/can,pantry/refrigerator/freezer,Open Food Facts,https://world.openfoodfacts.org/product/5060136255939,85,broccoli
20472610,cherries,Muesli Berries & Cherries,Simply Sumptuous,Fruit,1,item,bag/can,pantry/refrigerator,Open Food Facts,https://world.openfoodfacts.org/product/20472610,85,cherries
5051399182506,chickpeas,CHICKPEAS IN WATER,TESCO,Protein,1,can,can,pantry,Open Food Facts,https://world.openfoodfacts.org/product/5051399182506,85,chickpeas
5023762000113,currants,Fruity Black Currants,Rocks,Fruit,1,item,bag/can,pantry/refrigerator,Open Food Facts,https://world.openfoodfacts.org/product/5023762000113,85,currants
3179141394051,gelatin,gelatine,Vahiné,Spice/Baking,1,item,bottle/box,pantry,Open Food Facts,https://world.openfoodfacts.org/product/3179141394051,85,gelatin
6111251751338,grapes,Anti-Ox Nectar Red Grapes,VALENCIA ESSENTIEL,Fruit,1,item,bag/can,pantry/refrigerator,Open Food Facts,https://world.openfoodfacts.org/product/6111251751338,85,grapes
20398972,ham,Gebraden Ham / Jambon Rôti,Dulano Selection,Protein,1,pack,pack,refrigerator/freezer,Open Food Facts,https://world.openfoodfacts.org/product/20398972,85,ham
1301010310004,herring,Mar Herring w dill MSC,IKEA,Seafood,1,pack,pack,refrigerator/freezer,Open Food Facts,https://world.openfoodfacts.org/product/1301010310004,85,herring
3155250358788,margarine,Margarine bio doux tartine & cuisson,Primevère,Dairy,1,item,carton,refrigerator,Open Food Facts,https://world.openfoodfacts.org/product/3155250358788,85,margarine
01307610,mussels,Garlic butter Scottish mussels,Sainsbury's,Seafood,1,pack,pack,refrigerator/freezer,Open Food Facts,https://world.openfoodfacts.org/product/01307610,85,mussels
50147588,mustard,Colman's English Mustard,Colman's,Condiment,1,item,bottle/jar,pantry/refrigerator,Open Food Facts,https://world.openfoodfacts.org/product/50147588,85,mustard
8076809582209,orzo,"Gran Cereale classico, Fiocchi d avena, farrone orzo",Gran Cereale,Grain,1,item,bag/box,pantry/freezer,Open Food Facts,https://world.openfoodfacts.org/product/8076809582209,85,orzo
7610900037360,papaya,Mango Papaya Passion Fruit,Onken,Fruit,1,item,bag/can,pantry/refrigerator,Open Food Facts,https://world.openfoodfacts.org/product/7610900037360,85,papaya
5000227510066,parsnips,Honey Glazed Parsnips,"Aunt Bessie's, Birds Eye",Vegetable,1,item,bag/can,pantry/refrigerator/freezer,Open Food Facts,https://world.openfoodfacts.org/product/5000227510066,85,parsnips
5013635312160,peas,Chick Peas in Salted Water,KTC,Vegetable,1,item,bag/can,pantry/refrigerator/freezer,Open Food Facts,https://world.openfoodfacts.org/product/5013635312160,85,peas
8480000167781,pimentos,Pimentos assados vermelhos e verdes,Hacendado,Canned Goods,1,can,can/jar,pantry,Open Food Facts,https://world.openfoodfacts.org/product/8480000167781,85,pimentos
3175681170841,ravioli,"Ravioli au tofu, tomates, basilic",Céréales bio,Grain,1,item,bag/box,pantry/freezer,Open Food Facts,https://world.openfoodfacts.org/product/3175681170841,85,ravioli
5000354909702,sage,Paxo Sage & Onion Stuffing Mix,Paxo,Spice/Baking,1,item,bottle/box,pantry,Open Food Facts,https://world.openfoodfacts.org/product/5000354909702,85,sage
8715035130104,salsa,Salsa di Soia,Kikkoman,Condiment,1,item,bottle/jar,pantry/refrigerator,Open Food Facts,https://world.openfoodfacts.org/product/8715035130104,85,salsa
3019081238643,sardines,Sardines Huile d'Olive Vierge Extra,PARMENTIER,Seafood,1,pack,pack,refrigerator/freezer,Open Food Facts,https://world.openfoodfacts.org/product/3019081238643,85,sardines
00001295,soybeans,Feed Grade Soybeans,"H‑E‑B, Rural Route 1",Protein,1,can,can,pantry,Open Food Facts,https://world.openfoodfacts.org/product/00001295,85,soybeans
8001665705073,spinach,Rana spinach and ricotta fresh tortelloni,Rana,Vegetable,1,item,bag/can,pantry/refrigerator/freezer,Open Food Facts,https://world.openfoodfacts.org/product/8001665705073,85,spinach
3259011142132,tempeh,Tempeh,Soy,Protein,1,can,can,pantry,Open Food Facts,https://world.openfoodfacts.org/product/3259011142132,85,tempeh
5050083459825,thyme,Thyme,Kellogg's,Spice/Baking,1,item,bottle/box,pantry,Open Food Facts,https://world.openfoodfacts.org/product/5050083459825,85,thyme
3240931548241,tortellini,Lustucru tortellini jambon cru 250g,"Lustucru, Lustucru selection",Grain,1,item,bag/box,pantry/freezer,Open Food Facts,https://world.openfoodfacts.org/product/3240931548241,85,tortellini
3265479724001,vinaigrette,Vinaigrette Balsamique Ciboulette - Echalotes,Puget,Condiment,1,item,bottle/jar,pantry/refrigerator,Open Food Facts,https://world.openfoodfacts.org/product/3265479724001,85,vinaigrette
0605388188335,canned black-eyed peas,Black Eyed Peas,Great Value,Canned Goods,1,can,can/jar,pantry,Open Food Facts,https://world.openfoodfacts.org/product/0605388188335,80,canned black-eyed peas
8004030022010,carrots,"Light Tuna Salad Corn with peas, carrots and black olives",RIO mare,Vegetable,1,item,bag/can,pantry/refrigerator/freezer,Open Food Facts,https://world.openfoodfacts.org/product/8004030022010,80,carrots
0899764001640,frozen stir fry vegetables,Organic Riced Cauliflower Stir Fry,Tattooed Chef,Vegetable,1,item,bag/can,pantry/refrigerator/freezer,Open Food Facts,https://world.openfoodfacts.org/product/0899764001640,80,frozen stir fry vegetables
00921572,frozen sweet potato fries,Sweet Potato Fries,Trader Joe's,Frozen,1,item,bag/box,freezer,Open Food Facts,https://world.openfoodfacts.org/product/00921572,80,frozen sweet potato fries
0071710007085,macaroni and cheese noodles,Macaroni and Cheese,Our Specialty,Grain,1,item,bag/box,pantry/freezer,Open Food Facts,https://world.openfoodfacts.org/product/0071710007085,80,macaroni and cheese noodles
0037600246095,beef stew meat,Beef Stew Sm,Dinty Moore,Protein,1,pack,pack,refrigerator/freezer,Open Food Facts,https://world.openfoodfacts.org/product/0037600246095,65,beef stew meat
0099482517533,canned coconut milk,Organic unsweetened coconut milk,Whole Foods,Fruit,1,item,bag/can,pantry/refrigerator,Open Food Facts,https://world.openfoodfacts.org/product/0099482517533,65,canned coconut milk
0072940100942,canned enchilada sauce,Enchilada Sauce,Red Gold,Canned Goods,1,can,can/jar,pantry,Open Food Facts,https://world.openfoodfacts.org/product/0072940100942,65,canned enchilada sauce
0024000162957,canned lima beans,Green lima beans,"Del Monte, Del Monte Foods",Canned Goods,1,can,can/jar,pantry,Open Food Facts,https://world.openfoodfacts.org/product/0024000162957,65,canned lima beans
0039400017745,canned navy beans,Navy Beans,Bush's Best,Canned Goods,1,can,can/jar,pantry,Open Food Facts,https://world.openfoodfacts.org/product/0039400017745,65,canned navy beans
0039400018100,canned pinto beans,Pinto Beans,Bush's Best,Protein,1,can,can,pantry,Open Food Facts,https://world.openfoodfacts.org/product/0039400018100,65,canned pinto beans
0046000821214,canned refried beans,Traditional Refried Beans,Old El Paso,Canned Goods,1,can,can/jar,pantry,Open Food Facts,https://world.openfoodfacts.org/product/0046000821214,65,canned refried beans
0096619977819,canned tuna in water,ALBACORE SOLID WHITE TUNA IN WATER,KIRKLAND,Seafood,1,pack,pack,refrigerator/freezer,Open Food Facts,https://world.openfoodfacts.org/product/0096619977819,65,canned tuna in water
0851552001195,dry split peas,Split peas,Westar,Protein,1,can,can,pantry,Open Food Facts,https://world.openfoodfacts.org/product/0851552001195,65,dry split peas
0013120002861,frozen French fries,Crispy Crinkles French Fried Potatoes,Ore-Ida,Frozen,1,item,bag/box,freezer,Open Food Facts,https://world.openfoodfacts.org/product/0013120002861,65,frozen French fries
0891627009107,frozen butternut squash,Butternut Squash Ravioli,evol.,Frozen,1,item,bag/box,freezer,Open Food Facts,https://world.openfoodfacts.org/product/0891627009107,65,frozen butternut squash
0190569123125,frozen cauliflower rice,RICED VEGGIES CAULIFLOWER MEDLEY,Green Giant,Frozen,1,item,bag/box,freezer,Open Food Facts,https://world.openfoodfacts.org/product/0190569123125,65,frozen cauliflower rice
00881098,frozen chicken breasts,Breaded Chicken Tenderloin Breasts,Trader Joe's,Frozen,1,item,bag/box,freezer,Open Food Facts,https://world.openfoodfacts.org/product/00881098,65,frozen chicken breasts
0072745806568,frozen chicken nuggets,CHICKEN NUGGETS,Perdue,Protein,1,pack,pack,refrigerator/freezer,Open Food Facts,https://world.openfoodfacts.org/product/0072745806568,65,frozen chicken nuggets
00754200,frozen chicken patties,Breakfast Sausage Patties,Trader Joe's,Protein,1,pack,pack,refrigerator/freezer,Open Food Facts,https://world.openfoodfacts.org/product/00754200,65,frozen chicken patties
0078742107172,frozen chicken thighs,Boneless Skinless Chicken Thighs,Great Value,Frozen,1,item,bag/box,freezer,Open Food Facts,https://world.openfoodfacts.org/product/0078742107172,65,frozen chicken thighs
0021908493886,frozen diced onions,"Mirepoix - Diced Onions, Celery, Carrots","Cascadian Farm, Cascadian Farm Organic",Vegetable,1,item,bag/can,pantry/refrigerator/freezer,Open Food Facts,https://world.openfoodfacts.org/product/0021908493886,65,frozen diced onions
00989671,frozen fish sticks,Breaded Fish Sticks,Trader Joe's,Frozen,1,item,bag/box,freezer,Open Food Facts,https://world.openfoodfacts.org/product/00989671,65,frozen fish sticks
0097914090050,frozen ground turkey,Organic Ground Turkey,Koch's Turkey,Frozen,1,item,bag/box,freezer,Open Food Facts,https://world.openfoodfacts.org/product/0097914090050,65,frozen ground turkey
0076808003888,gluten-free pasta,Gluten Free Spaghetti,Barilla,Grain,1,item,bag/box,pantry/freezer,Open Food Facts,https://world.openfoodfacts.org/product/0076808003888,65,gluten-free pasta
0892241000686,green tea bags,Legends of china green tea,Uncle Lee's Tea Inc.,Beverage,1,item,bottle/box,pantry/refrigerator,Open Food Facts,https://world.openfoodfacts.org/product/0892241000686,65,green tea bags
0856312002771,lactose-free milk,Reduced Fat ultra-filtered milk,fa!rlife,Dairy,1,item,carton,refrigerator,Open Food Facts,https://world.openfoodfacts.org/product/0856312002771,65,lactose-free milk
0030100545521,peanut butter crackers,TOAST & PEANUT BUTTER SANDWICH CRACKERS,Keebler,Snack,1,item,bag/box,pantry,Open Food Facts,https://world.openfoodfacts.org/product/0030100545521,65,peanut butter crackers
0096619483556,plain Greek yogurt,organic GREEK YOGURT plain,KIRKLAND Signature,Dairy,1,item,carton,refrigerator,Open Food Facts,https://world.openfoodfacts.org/product/0096619483556,65,plain Greek yogurt
0041735253491,refrigerated pizza dough,Plain Pizza Dough Refrigerated,Market 32 by Price Chopper,Grain,1,item,bag/box,pantry/freezer,Open Food Facts,https://world.openfoodfacts.org/product/0041735253491,65,refrigerated pizza dough
0041570056189,vanilla almond milk,Almond Breeze almondmilk UNSWEETENED Vanilla,Blue Diamond Almonds,Dairy,1,item,carton,refrigerator,Open Food Facts,https://world.openfoodfacts.org/product/0041570056189,65,vanilla almond milk
0894700010434,whole milk yogurt,Greek Yogurt Whole Milk Plain,Chobani,Dairy,1,item,carton,refrigerator,Open Food Facts,https://world.openfoodfacts.org/product/0894700010434,65,whole milk yogurt
8402001010200,whole wheat pasta,Spaghetti integral,Hacendado,Grain,1,item,bag/box,pantry/freezer,Open Food Facts,https://world.openfoodfacts.org/product/8402001010200,65,whole wheat pasta
5000157024671,canned baked beans,Beanz in a rich tomato sauce,Heinz,Canned Goods,1,can,can/jar,pantry,Open Food Facts,https://world.openfoodfacts.org/product/5000157024671,55,canned baked beans
3270160743599,frozen fish fillets,Filet de Merlu blanc du Cap façon meunière,Picard,Seafood,1,pack,pack,refrigerator/freezer,Open Food Facts,https://world.openfoodfacts.org/product/3270160743599,55,frozen fish fillets
00963824,prepared diced onions,Diced Yellow Onions,Trader Joe's,Deli/Prepared Ingredient,1,item,container,refrigerator,Open Food Facts,https://world.openfoodfacts.org/product/00963824,55,prepared diced onions
0085239018590,prepared diced peppers,"Classic macaroni salad with sweet pickle relish, diced celery & bell peppers",,Deli/Prepared Ingredient,1,item,container,refrigerator,Open Food Facts,https://world.openfoodfacts.org/product/0085239018590,55,prepared diced peppers
8410505320145,textured vegetable protein,Soja Texturizada,luengo,Protein,1,can,can,pantry,Open Food Facts,https://world.openfoodfacts.org/product/8410505320145,55,textured vegetable protein
0819597010213,baking chocolate,100% Real Chocolate Morsels,Enjoy Life,Spice/Baking,1,item,bottle/box,pantry,Open Food Facts,https://world.openfoodfacts.org/product/0819597010213,50,baking chocolate
0022592007014,bottled water,Bottled Spring Water,Ozarka,Beverage,1,item,bottle/box,pantry/refrigerator,Open Food Facts,https://world.openfoodfacts.org/product/0022592007014,50,bottled water
0705599011610,cake mix,Power Cakes Flapjack & Waffle Mix Buttermilk,Kodiak,Grain,1,item,bag/box,pantry/freezer,Open Food Facts,https://world.openfoodfacts.org/product/0705599011610,50,cake mix
0096619488827,canned chicken,Chunk Chicken Breast,Kirkland Signature,Protein,1,pack,pack,refrigerator/freezer,Open Food Facts,https://world.openfoodfacts.org/product/0096619488827,50,canned chicken
0064144282432,canned chili,Diced Tomatoes & Green Chilies,RO*TEL,Canned Goods,1,can,can/jar,pantry,Open Food Facts,https://world.openfoodfacts.org/product/0064144282432,50,canned chili
0086600702513,canned crab,White Crabmeat,Bumble Bee,Seafood,1,pack,pack,refrigerator/freezer,Open Food Facts,https://world.openfoodfacts.org/product/0086600702513,50,canned crab
0073230008511,canned oysters,Smoked Oysters,Crown Prince Natural,Seafood,1,pack,pack,refrigerator/freezer,Open Food Facts,https://world.openfoodfacts.org/product/0073230008511,50,canned oysters
0038900029708,canned peaches,diced peaches,Dole,Fruit,1,item,bag/can,pantry/refrigerator,Open Food Facts,https://world.openfoodfacts.org/product/0038900029708,50,canned peaches
0064144043064,canned ravioli,Mini Ravioli Beef Ravioli in Tomato & Meat Sauce,Chef Boyardee,Canned Goods,1,can,can/jar,pantry,Open Food Facts,https://world.openfoodfacts.org/product/0064144043064,50,canned ravioli
0096619916146,canned salmon,Pink Salmon,Kirkland Signature,Seafood,1,pack,pack,refrigerator/freezer,Open Food Facts,https://world.openfoodfacts.org/product/0096619916146,50,canned salmon
0022392271851,canned shrimp,"Marka hipon brand, sauteed shrimp paste, spicy",Marka Hipon Brand,Canned Goods,1,can,can/jar,pantry,Open Food Facts,https://world.openfoodfacts.org/product/0022392271851,50,canned shrimp
0098308243236,chicken bouillon,Roasted Chicken Base,Better Than Bouillon,Canned Goods,1,can,can/jar,pantry,Open Food Facts,https://world.openfoodfacts.org/product/0098308243236,50,chicken bouillon
0028000466312,coffee beans,NESCAFÉ CLÁSICO,NESCAFÉ,Breakfast,1,item,box/jar,pantry,Open Food Facts,https://world.openfoodfacts.org/product/0028000466312,50,coffee beans
0044700092408,dill pickles,Kosher Dill Spears,claussen,Vegetable,1,item,bag/can,pantry/refrigerator/freezer,Open Food Facts,https://world.openfoodfacts.org/product/0044700092408,50,dill pickles
00646727,frozen acai,Organic Acai Bowl,Trader Joe's,Frozen,1,item,bag/box,freezer,Open Food Facts,https://world.openfoodfacts.org/product/00646727,50,frozen acai
0028989971951,frozen bacon,Vegetarian Bacon Strips,MorningStar Farms,Frozen,1,item,bag/box,freezer,Open Food Facts,https://world.openfoodfacts.org/product/0028989971951,50,frozen bacon
0078742054872,frozen cherries,Cherry Berry Blend,Great Value,Fruit,1,item,bag/can,pantry/refrigerator,Open Food Facts,https://world.openfoodfacts.org/product/0078742054872,50,frozen cherries
0072655040045,frozen corn,Sweet corn elote bowl,Purple Carrot,Vegetable,1,item,bag/can,pantry/refrigerator/freezer,Open Food Facts,https://world.openfoodfacts.org/product/0072655040045,50,frozen corn
00510639,frozen edamame,Salted Edamame,Trader Joe's,Protein,1,can,can,pantry,Open Food Facts,https://world.openfoodfacts.org/product/00510639,50,frozen edamame
0850002949001,frozen falafel,Falafel Traditional,Afia,Protein,1,can,can,pantry,Open Food Facts,https://world.openfoodfacts.org/product/0850002949001,50,frozen falafel
0078742237367,frozen peas,Sweet Peas,Great Value,Vegetable,1,item,bag/can,pantry/refrigerator/freezer,Open Food Facts,https://world.openfoodfacts.org/product/0078742237367,50,frozen peas
00559690,frozen peppers,ROASTED POTATOES WITH PEPPERS & ONIONS,Trader Joe's,Vegetable,1,item,bag/can,pantry/refrigerator/freezer,Open Food Facts,https://world.openfoodfacts.org/product/00559690,50,frozen peppers
00479455,frozen ravioli,Thai Vegetable Gyoza,Trader Joe's,Frozen,1,item,bag/box,freezer,Open Food Facts,https://world.openfoodfacts.org/product/00479455,50,frozen ravioli
0807176711705,frozen wontons,Mini Wontons Chicken & Vegetable Dumplings,bibigo,Frozen,1,item,bag/box,freezer,Open Food Facts,https://world.openfoodfacts.org/product/0807176711705,50,frozen wontons
0818290015631,frozen yogurt,Vanilla Ice Cream,Chobani,Frozen,1,item,bag/box,freezer,Open Food Facts,https://world.openfoodfacts.org/product/0818290015631,50,frozen yogurt
0085239058275,nonstick spray,Olive Oil Nonstick Cooking Spray,Good & Gather,Condiment,1,item,bottle/jar,pantry/refrigerator,Open Food Facts,https://world.openfoodfacts.org/product/0085239058275,50,nonstick spray
0850047220790,nut packs,Protein nut granola,Curtail,Snack,1,item,bag/box,pantry,Open Food Facts,https://world.openfoodfacts.org/product/0850047220790,50,nut packs
20000691,raspberry jam,Raspberry conserve,Maribel,Breakfast,1,item,box/jar,pantry,Open Food Facts,https://world.openfoodfacts.org/product/20000691,50,raspberry jam
3250540232677,red wine vinegar,Maille Vinaigre de Vin Rouge adouci au jus de raisin concentré 50cl,Maille,Condiment,1,item,bottle/jar,pantry/refrigerator,Open Food Facts,https://world.openfoodfacts.org/product/3250540232677,50,red wine vinegar
0889392010190,white sugar,PEACH VIBE SPARKLING WHITE PEACH EDITION,CELSIUS,Breakfast,1,item,box/jar,pantry,Open Food Facts,https://world.openfoodfacts.org/product/0889392010190,50,white sugar
0015000073602,whole turkey,Gerber sweet potato and turkey whole grain baby food,Gerber,Protein,1,pack,pack,refrigerator/freezer,Open Food Facts,https://world.openfoodfacts.org/product/0015000073602,50,whole turkey
4088600065991,bread flour,White Sourdough,Specially Selected,Grain,1,item,bag/box,pantry/freezer,Open Food Facts,https://world.openfoodfacts.org/product/4088600065991,40,bread flour
3083680918497,canned lentils,Cassegrain - Lentilles préparées 4/4,Cassegrain,Protein,1,can,can,pantry,Open Food Facts,https://world.openfoodfacts.org/product/3083680918497,40,canned lentils
3083681120684,canned mushrooms,Champi émincé sans sulfite 1/4x2,Bonduelle,Vegetable,1,item,bag/can,pantry/refrigerator/freezer,Open Food Facts,https://world.openfoodfacts.org/product/3083681120684,40,canned mushrooms
3227291010113,canned potatoes,Pommes de Terre Entières,Lunor,Vegetable,1,item,bag/can,pantry/refrigerator/freezer,Open Food Facts,https://world.openfoodfacts.org/product/3227291010113,40,canned potatoes
8410076601131,cereal bars,Crunchy avoine et miel,Nature ValleyGeneral Mills,Breakfast,1,item,box/jar,pantry,Open Food Facts,https://world.openfoodfacts.org/product/8410076601131,40,cereal bars
0061232201948,cheese crackers,Cheese Oatcakes,nairn's,Snack,1,item,bag/box,pantry,Open Food Facts,https://world.openfoodfacts.org/product/0061232201948,40,cheese crackers
7614500010013,chocolate milk,toblerone,Toblerone,Dairy,1,item,carton,refrigerator,Open Food Facts,https://world.openfoodfacts.org/product/7614500010013,40,chocolate milk
7613035530799,cocoa powder,NESQUIK Moins de Sucres,"Nestlé, Nesquik",Breakfast,1,item,box/jar,pantry,Open Food Facts,https://world.openfoodfacts.org/product/7613035530799,40,cocoa powder
4056489759270,cooked shrimp,Crevettes cuites décortiquées,"Crusta C, Lidl",Seafood,1,pack,pack,refrigerator/freezer,Open Food Facts,https://world.openfoodfacts.org/product/4056489759270,40,cooked shrimp
3168930173199,corn tortillas,Sweet Chilli Pepper Tortillas,Doritos,Grain,1,item,bag/box,pantry/freezer,Open Food Facts,https://world.openfoodfacts.org/product/3168930173199,40,corn tortillas
3302740084690,fish sauce,Duo de poissons riz cuisiné sauce beurre citron,Fleury Michon,Condiment,1,item,bottle/jar,pantry/refrigerator,Open Food Facts,https://world.openfoodfacts.org/product/3302740084690,40,fish sauce
4311501433393,frozen mango,Mango gewürfelt,EDEKA Herzstücke,Fruit,1,item,bag/can,pantry/refrigerator,Open Food Facts,https://world.openfoodfacts.org/product/4311501433393,40,frozen mango
3415581520712,fruit cups,Fruit collection Mini Cups,Häagen-Dazs,Fruit,1,item,bag/can,pantry/refrigerator,Open Food Facts,https://world.openfoodfacts.org/product/3415581520712,40,fruit cups
7622201133337,fruit snacks,Figolu,"LU, Mondelez",Snack,1,item,bag/box,pantry,Open Food Facts,https://world.openfoodfacts.org/product/7622201133337,40,fruit snacks
3770037280047,herbal tea,Kombucha,Ciao,Breakfast,1,item,box/jar,pantry,Open Food Facts,https://world.openfoodfacts.org/product/3770037280047,40,herbal tea
3168930168195,potato chips,Chips paysanne nature,Lay's,Snack,1,item,bag/box,pantry,Open Food Facts,https://world.openfoodfacts.org/product/3168930168195,40,potato chips
4002359650178,rice cereal,Vermicelles de Riz,Si Wan,Breakfast,1,item,box/jar,pantry,Open Food Facts,https://world.openfoodfacts.org/product/4002359650178,40,rice cereal
3700009252574,salad mix,Salade Snacking Bol Italienne 250g MIX,"Mix, Mix buffet",Vegetable,1,item,bag/can,pantry/refrigerator/freezer,Open Food Facts,https://world.openfoodfacts.org/product/3700009252574,40,salad mix
3270720000308,sunflower seeds,La croquante,Daco Bello,Breakfast,1,item,box/jar,pantry,Open Food Facts,https://world.openfoodfacts.org/product/3270720000308,40,sunflower seeds
3266980467111,turkey cutlets,Escalpe de dinde à la milanaise,le Gaulois,Protein,1,pack,pack,refrigerator/freezer,Open Food Facts,https://world.openfoodfacts.org/product/3266980467111,40,turkey cutlets
8714100766576,vegetable soup,Les classiques - Velouté de 9 légumes,Knorr,Canned Goods,1,can,can/jar,pantry,Open Food Facts,https://world.openfoodfacts.org/product/8714100766576,40,vegetable soup
8410076470812,wheat bread,Blé Complet Wraps,Old El Paso,Grain,1,item,bag/box,pantry/freezer,Open Food Facts,https://world.openfoodfacts.org/product/8410076470812,40,wheat bread
6221007032540,wheat cereal,Cerelac,Nestlé,Breakfast,1,item,box/jar,pantry,Open Food Facts,https://world.openfoodfacts.org/product/6221007032540,40,wheat cereal
6111242101180,1% milk,uht jaouda 1L,Jaouda,Dairy,1,item,carton,refrigerator,Open Food Facts,https://world.openfoodfacts.org/product/6111242101180,35,1% milk
0025500304212,coffee grounds,Classic Roast Ground Coffee,Folgers,Beverage,1,item,bottle/box,pantry/refrigerator,Open Food Facts,https://world.openfoodfacts.org/product/0025500304212,35,coffee grounds
20004330,cucumber,Gewürzgurken Auslese,"Freshona, Lidl",Vegetable,1,item,bag/can,pantry/refrigerator/freezer,Open Food Facts,https://world.openfoodfacts.org/product/20004330,35,cucumber
0813951011502,refrigerated biscuits,Cookie Dough - Oatmeal Chocolate Chip,Laughing Planet,Grain,1,item,bag/box,pantry/freezer,Open Food Facts,https://world.openfoodfacts.org/product/0813951011502,35,refrigerated biscuits
0070328005230,seafood mix,Old Bay Seasoning 12/6 OZ imp,"Mccormick & Co. Inc., Old Bay",Seafood,1,pack,pack,refrigerator/freezer,Open Food Facts,https://world.openfoodfacts.org/product/0070328005230,35,seafood mix
20724696,almonds,Amandes décortiquées,Alesto,Breakfast,1,item,box/jar,pantry,Open Food Facts,https://world.openfoodfacts.org/product/20724696,25,almonds
3599741003380,food coloring,Colin d'Alaska MSC façon Fish & Chips,Findus,Spice/Baking,1,item,bottle/box,pantry,Open Food Facts,https://world.openfoodfacts.org/product/3599741003380,25,food coloring
20173074,green onions,Crispy Fried Onions,Kania,Vegetable,1,item,bag/can,pantry/refrigerator/freezer,Open Food Facts,https://world.openfoodfacts.org/product/20173074,25,green onions
3608580065340,hazelnuts,Pâte à tartiner noisettes et cacao,Bonne Maman,Breakfast,1,item,box/jar,pantry,Open Food Facts,https://world.openfoodfacts.org/product/3608580065340,25,hazelnuts
20057251,organic eggs,Stéphanie eleveur,Oeufs de france,Dairy,1,item,carton,refrigerator,Open Food Facts,https://world.openfoodfacts.org/product/20057251,25,organic eggs
5056053304720,red onions,Red Onion & Rosemary Sausages,Linda McCartney's,Vegetable,1,item,bag/can,pantry/refrigerator/freezer,Open Food Facts,https://world.openfoodfacts.org/product/5056053304720,25,red onions
3248832967611,scallops,St Jacques fondue de poireaux & Riz Basmati,Marie,Seafood,1,pack,pack,refrigerator/freezer,Open Food Facts,https://world.openfoodfacts.org/product/3248832967611,25,scallops
8710496978975,sprinkles,Chocoladehagel melk,De Ruijter,Spice/Baking,1,item,bottle/box,pantry,Open Food Facts,https://world.openfoodfacts.org/product/8710496978975,25,sprinkles
5060482840209,sweet tea,Apple & Raisin Oat Bar,deliciously ella,Beverage,1,item,bottle/box,pantry/refrigerator,Open Food Facts,https://world.openfoodfacts.org/product/5060482840209,25,sweet tea
6111021090056,tomatoes,Aicha Tomato Paste,Aicha,Vegetable,1,item,bag/can,pantry/refrigerator/freezer,Open Food Facts,https://world.openfoodfacts.org/product/6111021090056,25,tomatoes
5025125000006,potatoes,White Ciabattin,Jason's Sourdough,Vegetable,1,item,bag/can,pantry/refrigerator/freezer,Open Food Facts,https://world.openfoodfacts.org/product/5025125000006,20,potatoes
5449000132277,lemons,fanta tops lemon 1.5l,,Fruit,1,item,bag/can,pantry/refrigerator,Open Food Facts,https://world.openfoodfacts.org/product/5449000132277,15,lemons
3330720244024,clementines,Oranges Clémentines Citrons sans sucres ajoutés,"Georgelin, Lucien Georgelin",Fruit,1,item,bag/can,pantry/refrigerator,Open Food Facts,https://world.openfoodfacts.org/product/3330720244024,10,clementines
